-- phpMyAdmin SQL Dump
-- version 4.8.4
-- https://www.phpmyadmin.net/
--
-- Host: 127.0.0.1
-- Waktu pembuatan: 24 Sep 2020 pada 11.08
-- Versi server: 10.1.37-MariaDB
-- Versi PHP: 7.3.0

SET SQL_MODE = "NO_AUTO_VALUE_ON_ZERO";
SET AUTOCOMMIT = 0;
START TRANSACTION;
SET time_zone = "+00:00";


/*!40101 SET @OLD_CHARACTER_SET_CLIENT=@@CHARACTER_SET_CLIENT */;
/*!40101 SET @OLD_CHARACTER_SET_RESULTS=@@CHARACTER_SET_RESULTS */;
/*!40101 SET @OLD_COLLATION_CONNECTION=@@COLLATION_CONNECTION */;
/*!40101 SET NAMES utf8mb4 */;

--
-- Database: `try_phpbb`
--

-- --------------------------------------------------------

--
-- Struktur dari tabel `phpbb_acl_groups`
--

CREATE TABLE `phpbb_acl_groups` (
  `group_id` mediumint(8) UNSIGNED NOT NULL DEFAULT '0',
  `forum_id` mediumint(8) UNSIGNED NOT NULL DEFAULT '0',
  `auth_option_id` mediumint(8) UNSIGNED NOT NULL DEFAULT '0',
  `auth_role_id` mediumint(8) UNSIGNED NOT NULL DEFAULT '0',
  `auth_setting` tinyint(2) NOT NULL DEFAULT '0'
) ENGINE=InnoDB DEFAULT CHARSET=utf8 COLLATE=utf8_bin;

--
-- Dumping data untuk tabel `phpbb_acl_groups`
--

INSERT INTO `phpbb_acl_groups` (`group_id`, `forum_id`, `auth_option_id`, `auth_role_id`, `auth_setting`) VALUES
(1, 0, 91, 0, 1),
(1, 0, 100, 0, 1),
(1, 0, 119, 0, 1),
(5, 0, 0, 5, 0),
(5, 0, 0, 1, 0),
(2, 0, 0, 6, 0),
(3, 0, 0, 6, 0),
(4, 0, 0, 5, 0),
(4, 0, 0, 10, 0),
(1, 1, 0, 17, 0),
(2, 1, 0, 17, 0),
(3, 1, 0, 17, 0),
(6, 1, 0, 17, 0),
(1, 2, 0, 17, 0),
(2, 2, 0, 15, 0),
(3, 2, 0, 15, 0),
(4, 2, 0, 21, 0),
(5, 2, 0, 14, 0),
(5, 2, 0, 10, 0),
(6, 2, 0, 19, 0),
(7, 0, 0, 23, 0),
(7, 2, 0, 24, 0),
(1, 0, 91, 0, 1),
(1, 0, 100, 0, 1),
(1, 0, 119, 0, 1),
(5, 0, 0, 5, 0),
(5, 0, 0, 1, 0),
(2, 0, 0, 6, 0),
(3, 0, 0, 6, 0),
(4, 0, 0, 5, 0),
(4, 0, 0, 10, 0),
(1, 1, 0, 17, 0),
(2, 1, 0, 17, 0),
(3, 1, 0, 17, 0),
(6, 1, 0, 17, 0),
(1, 2, 0, 17, 0),
(2, 2, 0, 15, 0),
(3, 2, 0, 15, 0),
(4, 2, 0, 21, 0),
(5, 2, 0, 14, 0),
(5, 2, 0, 10, 0),
(6, 2, 0, 19, 0),
(7, 0, 0, 23, 0),
(7, 2, 0, 24, 0);

-- --------------------------------------------------------

--
-- Struktur dari tabel `phpbb_acl_options`
--

CREATE TABLE `phpbb_acl_options` (
  `auth_option_id` mediumint(8) UNSIGNED NOT NULL,
  `auth_option` varchar(50) COLLATE utf8_bin NOT NULL DEFAULT '',
  `is_global` tinyint(1) UNSIGNED NOT NULL DEFAULT '0',
  `is_local` tinyint(1) UNSIGNED NOT NULL DEFAULT '0',
  `founder_only` tinyint(1) UNSIGNED NOT NULL DEFAULT '0'
) ENGINE=InnoDB DEFAULT CHARSET=utf8 COLLATE=utf8_bin;

--
-- Dumping data untuk tabel `phpbb_acl_options`
--

INSERT INTO `phpbb_acl_options` (`auth_option_id`, `auth_option`, `is_global`, `is_local`, `founder_only`) VALUES
(1, 'f_', 0, 1, 0),
(2, 'f_announce', 0, 1, 0),
(3, 'f_announce_global', 0, 1, 0),
(4, 'f_attach', 0, 1, 0),
(5, 'f_bbcode', 0, 1, 0),
(6, 'f_bump', 0, 1, 0),
(7, 'f_delete', 0, 1, 0),
(8, 'f_download', 0, 1, 0),
(9, 'f_edit', 0, 1, 0),
(10, 'f_email', 0, 1, 0),
(11, 'f_flash', 0, 1, 0),
(12, 'f_icons', 0, 1, 0),
(13, 'f_ignoreflood', 0, 1, 0),
(14, 'f_img', 0, 1, 0),
(15, 'f_list', 0, 1, 0),
(16, 'f_list_topics', 0, 1, 0),
(17, 'f_noapprove', 0, 1, 0),
(18, 'f_poll', 0, 1, 0),
(19, 'f_post', 0, 1, 0),
(20, 'f_postcount', 0, 1, 0),
(21, 'f_print', 0, 1, 0),
(22, 'f_read', 0, 1, 0),
(23, 'f_reply', 0, 1, 0),
(24, 'f_report', 0, 1, 0),
(25, 'f_search', 0, 1, 0),
(26, 'f_sigs', 0, 1, 0),
(27, 'f_smilies', 0, 1, 0),
(28, 'f_sticky', 0, 1, 0),
(29, 'f_subscribe', 0, 1, 0),
(30, 'f_user_lock', 0, 1, 0),
(31, 'f_vote', 0, 1, 0),
(32, 'f_votechg', 0, 1, 0),
(33, 'f_softdelete', 0, 1, 0),
(34, 'm_', 1, 1, 0),
(35, 'm_approve', 1, 1, 0),
(36, 'm_chgposter', 1, 1, 0),
(37, 'm_delete', 1, 1, 0),
(38, 'm_edit', 1, 1, 0),
(39, 'm_info', 1, 1, 0),
(40, 'm_lock', 1, 1, 0),
(41, 'm_merge', 1, 1, 0),
(42, 'm_move', 1, 1, 0),
(43, 'm_report', 1, 1, 0),
(44, 'm_split', 1, 1, 0),
(45, 'm_softdelete', 1, 1, 0),
(46, 'm_ban', 1, 0, 0),
(47, 'm_pm_report', 1, 0, 0),
(48, 'm_warn', 1, 0, 0),
(49, 'a_', 1, 0, 0),
(50, 'a_aauth', 1, 0, 0),
(51, 'a_attach', 1, 0, 0),
(52, 'a_authgroups', 1, 0, 0),
(53, 'a_authusers', 1, 0, 0),
(54, 'a_backup', 1, 0, 0),
(55, 'a_ban', 1, 0, 0),
(56, 'a_bbcode', 1, 0, 0),
(57, 'a_board', 1, 0, 0),
(58, 'a_bots', 1, 0, 0),
(59, 'a_clearlogs', 1, 0, 0),
(60, 'a_email', 1, 0, 0),
(61, 'a_extensions', 1, 0, 0),
(62, 'a_fauth', 1, 0, 0),
(63, 'a_forum', 1, 0, 0),
(64, 'a_forumadd', 1, 0, 0),
(65, 'a_forumdel', 1, 0, 0),
(66, 'a_group', 1, 0, 0),
(67, 'a_groupadd', 1, 0, 0),
(68, 'a_groupdel', 1, 0, 0),
(69, 'a_icons', 1, 0, 0),
(70, 'a_jabber', 1, 0, 0),
(71, 'a_language', 1, 0, 0),
(72, 'a_mauth', 1, 0, 0),
(73, 'a_modules', 1, 0, 0),
(74, 'a_names', 1, 0, 0),
(75, 'a_phpinfo', 1, 0, 0),
(76, 'a_profile', 1, 0, 0),
(77, 'a_prune', 1, 0, 0),
(78, 'a_ranks', 1, 0, 0),
(79, 'a_reasons', 1, 0, 0),
(80, 'a_roles', 1, 0, 0),
(81, 'a_search', 1, 0, 0),
(82, 'a_server', 1, 0, 0),
(83, 'a_styles', 1, 0, 0),
(84, 'a_switchperm', 1, 0, 0),
(85, 'a_uauth', 1, 0, 0),
(86, 'a_user', 1, 0, 0),
(87, 'a_userdel', 1, 0, 0),
(88, 'a_viewauth', 1, 0, 0),
(89, 'a_viewlogs', 1, 0, 0),
(90, 'a_words', 1, 0, 0),
(91, 'u_', 1, 0, 0),
(92, 'u_attach', 1, 0, 0),
(93, 'u_chgavatar', 1, 0, 0),
(94, 'u_chgcensors', 1, 0, 0),
(95, 'u_chgemail', 1, 0, 0),
(96, 'u_chggrp', 1, 0, 0),
(97, 'u_chgname', 1, 0, 0),
(98, 'u_chgpasswd', 1, 0, 0),
(99, 'u_chgprofileinfo', 1, 0, 0),
(100, 'u_download', 1, 0, 0),
(101, 'u_emoji', 1, 0, 0),
(102, 'u_hideonline', 1, 0, 0),
(103, 'u_ignoreflood', 1, 0, 0),
(104, 'u_masspm', 1, 0, 0),
(105, 'u_masspm_group', 1, 0, 0),
(106, 'u_pm_attach', 1, 0, 0),
(107, 'u_pm_bbcode', 1, 0, 0),
(108, 'u_pm_delete', 1, 0, 0),
(109, 'u_pm_download', 1, 0, 0),
(110, 'u_pm_edit', 1, 0, 0),
(111, 'u_pm_emailpm', 1, 0, 0),
(112, 'u_pm_flash', 1, 0, 0),
(113, 'u_pm_forward', 1, 0, 0),
(114, 'u_pm_img', 1, 0, 0),
(115, 'u_pm_printpm', 1, 0, 0),
(116, 'u_pm_smilies', 1, 0, 0),
(117, 'u_readpm', 1, 0, 0),
(118, 'u_savedrafts', 1, 0, 0),
(119, 'u_search', 1, 0, 0),
(120, 'u_sendemail', 1, 0, 0),
(121, 'u_sendim', 1, 0, 0),
(122, 'u_sendpm', 1, 0, 0),
(123, 'u_sig', 1, 0, 0),
(124, 'u_viewonline', 1, 0, 0),
(125, 'u_viewprofile', 1, 0, 0);

-- --------------------------------------------------------

--
-- Struktur dari tabel `phpbb_acl_roles`
--

CREATE TABLE `phpbb_acl_roles` (
  `role_id` mediumint(8) UNSIGNED NOT NULL,
  `role_name` varchar(255) COLLATE utf8_bin NOT NULL DEFAULT '',
  `role_description` text COLLATE utf8_bin NOT NULL,
  `role_type` varchar(10) COLLATE utf8_bin NOT NULL DEFAULT '',
  `role_order` smallint(4) UNSIGNED NOT NULL DEFAULT '0'
) ENGINE=InnoDB DEFAULT CHARSET=utf8 COLLATE=utf8_bin;

--
-- Dumping data untuk tabel `phpbb_acl_roles`
--

INSERT INTO `phpbb_acl_roles` (`role_id`, `role_name`, `role_description`, `role_type`, `role_order`) VALUES
(1, 'ROLE_ADMIN_STANDARD', 'ROLE_DESCRIPTION_ADMIN_STANDARD', 'a_', 1),
(2, 'ROLE_ADMIN_FORUM', 'ROLE_DESCRIPTION_ADMIN_FORUM', 'a_', 3),
(3, 'ROLE_ADMIN_USERGROUP', 'ROLE_DESCRIPTION_ADMIN_USERGROUP', 'a_', 4),
(4, 'ROLE_ADMIN_FULL', 'ROLE_DESCRIPTION_ADMIN_FULL', 'a_', 2),
(5, 'ROLE_USER_FULL', 'ROLE_DESCRIPTION_USER_FULL', 'u_', 3),
(6, 'ROLE_USER_STANDARD', 'ROLE_DESCRIPTION_USER_STANDARD', 'u_', 1),
(7, 'ROLE_USER_LIMITED', 'ROLE_DESCRIPTION_USER_LIMITED', 'u_', 2),
(8, 'ROLE_USER_NOPM', 'ROLE_DESCRIPTION_USER_NOPM', 'u_', 4),
(9, 'ROLE_USER_NOAVATAR', 'ROLE_DESCRIPTION_USER_NOAVATAR', 'u_', 5),
(10, 'ROLE_MOD_FULL', 'ROLE_DESCRIPTION_MOD_FULL', 'm_', 3),
(11, 'ROLE_MOD_STANDARD', 'ROLE_DESCRIPTION_MOD_STANDARD', 'm_', 1),
(12, 'ROLE_MOD_SIMPLE', 'ROLE_DESCRIPTION_MOD_SIMPLE', 'm_', 2),
(13, 'ROLE_MOD_QUEUE', 'ROLE_DESCRIPTION_MOD_QUEUE', 'm_', 4),
(14, 'ROLE_FORUM_FULL', 'ROLE_DESCRIPTION_FORUM_FULL', 'f_', 7),
(15, 'ROLE_FORUM_STANDARD', 'ROLE_DESCRIPTION_FORUM_STANDARD', 'f_', 5),
(16, 'ROLE_FORUM_NOACCESS', 'ROLE_DESCRIPTION_FORUM_NOACCESS', 'f_', 1),
(17, 'ROLE_FORUM_READONLY', 'ROLE_DESCRIPTION_FORUM_READONLY', 'f_', 2),
(18, 'ROLE_FORUM_LIMITED', 'ROLE_DESCRIPTION_FORUM_LIMITED', 'f_', 3),
(19, 'ROLE_FORUM_BOT', 'ROLE_DESCRIPTION_FORUM_BOT', 'f_', 9),
(20, 'ROLE_FORUM_ONQUEUE', 'ROLE_DESCRIPTION_FORUM_ONQUEUE', 'f_', 8),
(21, 'ROLE_FORUM_POLLS', 'ROLE_DESCRIPTION_FORUM_POLLS', 'f_', 6),
(22, 'ROLE_FORUM_LIMITED_POLLS', 'ROLE_DESCRIPTION_FORUM_LIMITED_POLLS', 'f_', 4),
(23, 'ROLE_USER_NEW_MEMBER', 'ROLE_DESCRIPTION_USER_NEW_MEMBER', 'u_', 6),
(24, 'ROLE_FORUM_NEW_MEMBER', 'ROLE_DESCRIPTION_FORUM_NEW_MEMBER', 'f_', 10),
(25, 'ROLE_ADMIN_STANDARD', 'ROLE_DESCRIPTION_ADMIN_STANDARD', 'a_', 1),
(26, 'ROLE_ADMIN_FORUM', 'ROLE_DESCRIPTION_ADMIN_FORUM', 'a_', 3),
(27, 'ROLE_ADMIN_USERGROUP', 'ROLE_DESCRIPTION_ADMIN_USERGROUP', 'a_', 4),
(28, 'ROLE_ADMIN_FULL', 'ROLE_DESCRIPTION_ADMIN_FULL', 'a_', 2),
(29, 'ROLE_USER_FULL', 'ROLE_DESCRIPTION_USER_FULL', 'u_', 3),
(30, 'ROLE_USER_STANDARD', 'ROLE_DESCRIPTION_USER_STANDARD', 'u_', 1),
(31, 'ROLE_USER_LIMITED', 'ROLE_DESCRIPTION_USER_LIMITED', 'u_', 2),
(32, 'ROLE_USER_NOPM', 'ROLE_DESCRIPTION_USER_NOPM', 'u_', 4),
(33, 'ROLE_USER_NOAVATAR', 'ROLE_DESCRIPTION_USER_NOAVATAR', 'u_', 5),
(34, 'ROLE_MOD_FULL', 'ROLE_DESCRIPTION_MOD_FULL', 'm_', 3),
(35, 'ROLE_MOD_STANDARD', 'ROLE_DESCRIPTION_MOD_STANDARD', 'm_', 1),
(36, 'ROLE_MOD_SIMPLE', 'ROLE_DESCRIPTION_MOD_SIMPLE', 'm_', 2),
(37, 'ROLE_MOD_QUEUE', 'ROLE_DESCRIPTION_MOD_QUEUE', 'm_', 4),
(38, 'ROLE_FORUM_FULL', 'ROLE_DESCRIPTION_FORUM_FULL', 'f_', 7),
(39, 'ROLE_FORUM_STANDARD', 'ROLE_DESCRIPTION_FORUM_STANDARD', 'f_', 5),
(40, 'ROLE_FORUM_NOACCESS', 'ROLE_DESCRIPTION_FORUM_NOACCESS', 'f_', 1),
(41, 'ROLE_FORUM_READONLY', 'ROLE_DESCRIPTION_FORUM_READONLY', 'f_', 2),
(42, 'ROLE_FORUM_LIMITED', 'ROLE_DESCRIPTION_FORUM_LIMITED', 'f_', 3),
(43, 'ROLE_FORUM_BOT', 'ROLE_DESCRIPTION_FORUM_BOT', 'f_', 9),
(44, 'ROLE_FORUM_ONQUEUE', 'ROLE_DESCRIPTION_FORUM_ONQUEUE', 'f_', 8),
(45, 'ROLE_FORUM_POLLS', 'ROLE_DESCRIPTION_FORUM_POLLS', 'f_', 6),
(46, 'ROLE_FORUM_LIMITED_POLLS', 'ROLE_DESCRIPTION_FORUM_LIMITED_POLLS', 'f_', 4),
(47, 'ROLE_USER_NEW_MEMBER', 'ROLE_DESCRIPTION_USER_NEW_MEMBER', 'u_', 6),
(48, 'ROLE_FORUM_NEW_MEMBER', 'ROLE_DESCRIPTION_FORUM_NEW_MEMBER', 'f_', 10);

-- --------------------------------------------------------

--
-- Struktur dari tabel `phpbb_acl_roles_data`
--

CREATE TABLE `phpbb_acl_roles_data` (
  `role_id` mediumint(8) UNSIGNED NOT NULL DEFAULT '0',
  `auth_option_id` mediumint(8) UNSIGNED NOT NULL DEFAULT '0',
  `auth_setting` tinyint(2) NOT NULL DEFAULT '0'
) ENGINE=InnoDB DEFAULT CHARSET=utf8 COLLATE=utf8_bin;

--
-- Dumping data untuk tabel `phpbb_acl_roles_data`
--

INSERT INTO `phpbb_acl_roles_data` (`role_id`, `auth_option_id`, `auth_setting`) VALUES
(1, 49, 1),
(1, 51, 1),
(1, 52, 1),
(1, 53, 1),
(1, 55, 1),
(1, 56, 1),
(1, 57, 1),
(1, 61, 1),
(1, 62, 1),
(1, 63, 1),
(1, 64, 1),
(1, 65, 1),
(1, 66, 1),
(1, 67, 1),
(1, 68, 1),
(1, 69, 1),
(1, 72, 1),
(1, 74, 1),
(1, 76, 1),
(1, 77, 1),
(1, 78, 1),
(1, 79, 1),
(1, 85, 1),
(1, 86, 1),
(1, 87, 1),
(1, 88, 1),
(1, 89, 1),
(1, 90, 1),
(2, 49, 1),
(2, 52, 1),
(2, 53, 1),
(2, 62, 1),
(2, 63, 1),
(2, 64, 1),
(2, 65, 1),
(2, 72, 1),
(2, 77, 1),
(2, 85, 1),
(2, 88, 1),
(2, 89, 1),
(3, 49, 1),
(3, 52, 1),
(3, 53, 1),
(3, 55, 1),
(3, 66, 1),
(3, 67, 1),
(3, 68, 1),
(3, 78, 1),
(3, 85, 1),
(3, 86, 1),
(3, 88, 1),
(3, 89, 1),
(4, 49, 1),
(4, 50, 1),
(4, 51, 1),
(4, 52, 1),
(4, 53, 1),
(4, 54, 1),
(4, 55, 1),
(4, 56, 1),
(4, 57, 1),
(4, 58, 1),
(4, 59, 1),
(4, 60, 1),
(4, 61, 1),
(4, 62, 1),
(4, 63, 1),
(4, 64, 1),
(4, 65, 1),
(4, 66, 1),
(4, 67, 1),
(4, 68, 1),
(4, 69, 1),
(4, 70, 1),
(4, 71, 1),
(4, 72, 1),
(4, 73, 1),
(4, 74, 1),
(4, 75, 1),
(4, 76, 1),
(4, 77, 1),
(4, 78, 1),
(4, 79, 1),
(4, 80, 1),
(4, 81, 1),
(4, 82, 1),
(4, 83, 1),
(4, 84, 1),
(4, 85, 1),
(4, 86, 1),
(4, 87, 1),
(4, 88, 1),
(4, 89, 1),
(4, 90, 1),
(5, 91, 1),
(5, 92, 1),
(5, 93, 1),
(5, 94, 1),
(5, 95, 1),
(5, 96, 1),
(5, 97, 1),
(5, 98, 1),
(5, 99, 1),
(5, 100, 1),
(5, 101, 1),
(5, 102, 1),
(5, 103, 1),
(5, 104, 1),
(5, 105, 1),
(5, 106, 1),
(5, 107, 1),
(5, 108, 1),
(5, 109, 1),
(5, 110, 1),
(5, 111, 1),
(5, 112, 1),
(5, 113, 1),
(5, 114, 1),
(5, 115, 1),
(5, 116, 1),
(5, 117, 1),
(5, 118, 1),
(5, 119, 1),
(5, 120, 1),
(5, 121, 1),
(5, 122, 1),
(5, 123, 1),
(5, 124, 1),
(5, 125, 1),
(6, 91, 1),
(6, 92, 1),
(6, 93, 1),
(6, 94, 1),
(6, 95, 1),
(6, 98, 1),
(6, 99, 1),
(6, 100, 1),
(6, 101, 1),
(6, 102, 1),
(6, 104, 1),
(6, 105, 1),
(6, 106, 1),
(6, 107, 1),
(6, 108, 1),
(6, 109, 1),
(6, 110, 1),
(6, 111, 1),
(6, 114, 1),
(6, 115, 1),
(6, 116, 1),
(6, 117, 1),
(6, 118, 1),
(6, 119, 1),
(6, 120, 1),
(6, 121, 1),
(6, 122, 1),
(6, 123, 1),
(6, 125, 1),
(7, 91, 1),
(7, 93, 1),
(7, 94, 1),
(7, 95, 1),
(7, 98, 1),
(7, 99, 1),
(7, 100, 1),
(7, 101, 1),
(7, 102, 1),
(7, 107, 1),
(7, 108, 1),
(7, 109, 1),
(7, 110, 1),
(7, 113, 1),
(7, 114, 1),
(7, 115, 1),
(7, 116, 1),
(7, 117, 1),
(7, 122, 1),
(7, 123, 1),
(7, 125, 1),
(8, 91, 1),
(8, 93, 1),
(8, 94, 1),
(8, 95, 1),
(8, 98, 1),
(8, 100, 1),
(8, 102, 1),
(8, 104, 0),
(8, 105, 0),
(8, 117, 0),
(8, 122, 0),
(8, 123, 1),
(8, 125, 1),
(9, 91, 1),
(9, 93, 0),
(9, 94, 1),
(9, 95, 1),
(9, 98, 1),
(9, 99, 1),
(9, 100, 1),
(9, 101, 1),
(9, 102, 1),
(9, 107, 1),
(9, 108, 1),
(9, 109, 1),
(9, 110, 1),
(9, 113, 1),
(9, 114, 1),
(9, 115, 1),
(9, 116, 1),
(9, 117, 1),
(9, 122, 1),
(9, 123, 1),
(9, 125, 1),
(10, 34, 1),
(10, 35, 1),
(10, 36, 1),
(10, 37, 1),
(10, 38, 1),
(10, 39, 1),
(10, 40, 1),
(10, 41, 1),
(10, 42, 1),
(10, 43, 1),
(10, 44, 1),
(10, 45, 1),
(10, 46, 1),
(10, 47, 1),
(10, 48, 1),
(11, 34, 1),
(11, 35, 1),
(11, 37, 1),
(11, 38, 1),
(11, 39, 1),
(11, 40, 1),
(11, 41, 1),
(11, 42, 1),
(11, 43, 1),
(11, 44, 1),
(11, 45, 1),
(11, 47, 1),
(11, 48, 1),
(12, 34, 1),
(12, 37, 1),
(12, 38, 1),
(12, 39, 1),
(12, 43, 1),
(12, 45, 1),
(12, 47, 1),
(13, 34, 1),
(13, 35, 1),
(13, 38, 1),
(14, 1, 1),
(14, 2, 1),
(14, 3, 1),
(14, 4, 1),
(14, 5, 1),
(14, 6, 1),
(14, 7, 1),
(14, 8, 1),
(14, 9, 1),
(14, 10, 1),
(14, 11, 1),
(14, 12, 1),
(14, 13, 1),
(14, 14, 1),
(14, 15, 1),
(14, 16, 1),
(14, 17, 1),
(14, 18, 1),
(14, 19, 1),
(14, 20, 1),
(14, 21, 1),
(14, 22, 1),
(14, 23, 1),
(14, 24, 1),
(14, 25, 1),
(14, 26, 1),
(14, 27, 1),
(14, 28, 1),
(14, 29, 1),
(14, 30, 1),
(14, 31, 1),
(14, 32, 1),
(14, 33, 1),
(15, 1, 1),
(15, 4, 1),
(15, 5, 1),
(15, 6, 1),
(15, 7, 1),
(15, 8, 1),
(15, 9, 1),
(15, 10, 1),
(15, 12, 1),
(15, 14, 1),
(15, 15, 1),
(15, 16, 1),
(15, 17, 1),
(15, 19, 1),
(15, 20, 1),
(15, 21, 1),
(15, 22, 1),
(15, 23, 1),
(15, 24, 1),
(15, 25, 1),
(15, 26, 1),
(15, 27, 1),
(15, 29, 1),
(15, 31, 1),
(15, 32, 1),
(15, 33, 1),
(16, 1, 0),
(17, 1, 1),
(17, 8, 1),
(17, 15, 1),
(17, 16, 1),
(17, 21, 1),
(17, 22, 1),
(17, 25, 1),
(17, 29, 1),
(18, 1, 1),
(18, 5, 1),
(18, 8, 1),
(18, 9, 1),
(18, 10, 1),
(18, 14, 1),
(18, 15, 1),
(18, 16, 1),
(18, 17, 1),
(18, 19, 1),
(18, 20, 1),
(18, 21, 1),
(18, 22, 1),
(18, 23, 1),
(18, 24, 1),
(18, 25, 1),
(18, 26, 1),
(18, 27, 1),
(18, 29, 1),
(18, 31, 1),
(18, 33, 1),
(19, 1, 1),
(19, 8, 1),
(19, 15, 1),
(19, 16, 1),
(19, 21, 1),
(19, 22, 1),
(20, 1, 1),
(20, 4, 1),
(20, 5, 1),
(20, 8, 1),
(20, 9, 1),
(20, 10, 1),
(20, 14, 1),
(20, 15, 1),
(20, 16, 1),
(20, 17, 0),
(20, 19, 1),
(20, 20, 1),
(20, 21, 1),
(20, 22, 1),
(20, 23, 1),
(20, 24, 1),
(20, 25, 1),
(20, 26, 1),
(20, 27, 1),
(20, 29, 1),
(20, 31, 1),
(20, 33, 1),
(21, 1, 1),
(21, 4, 1),
(21, 5, 1),
(21, 6, 1),
(21, 7, 1),
(21, 8, 1),
(21, 9, 1),
(21, 10, 1),
(21, 12, 1),
(21, 14, 1),
(21, 15, 1),
(21, 16, 1),
(21, 17, 1),
(21, 18, 1),
(21, 19, 1),
(21, 20, 1),
(21, 21, 1),
(21, 22, 1),
(21, 23, 1),
(21, 24, 1),
(21, 25, 1),
(21, 26, 1),
(21, 27, 1),
(21, 29, 1),
(21, 31, 1),
(21, 32, 1),
(21, 33, 1),
(22, 1, 1),
(22, 5, 1),
(22, 8, 1),
(22, 9, 1),
(22, 10, 1),
(22, 14, 1),
(22, 15, 1),
(22, 16, 1),
(22, 17, 1),
(22, 18, 1),
(22, 19, 1),
(22, 20, 1),
(22, 21, 1),
(22, 22, 1),
(22, 23, 1),
(22, 24, 1),
(22, 25, 1),
(22, 26, 1),
(22, 27, 1),
(22, 29, 1),
(22, 31, 1),
(22, 33, 1),
(23, 99, 0),
(23, 104, 0),
(23, 105, 0),
(23, 122, 0),
(24, 17, 0);

-- --------------------------------------------------------

--
-- Struktur dari tabel `phpbb_acl_users`
--

CREATE TABLE `phpbb_acl_users` (
  `user_id` int(10) UNSIGNED NOT NULL DEFAULT '0',
  `forum_id` mediumint(8) UNSIGNED NOT NULL DEFAULT '0',
  `auth_option_id` mediumint(8) UNSIGNED NOT NULL DEFAULT '0',
  `auth_role_id` mediumint(8) UNSIGNED NOT NULL DEFAULT '0',
  `auth_setting` tinyint(2) NOT NULL DEFAULT '0'
) ENGINE=InnoDB DEFAULT CHARSET=utf8 COLLATE=utf8_bin;

--
-- Dumping data untuk tabel `phpbb_acl_users`
--

INSERT INTO `phpbb_acl_users` (`user_id`, `forum_id`, `auth_option_id`, `auth_role_id`, `auth_setting`) VALUES
(2, 0, 0, 5, 0),
(2, 0, 0, 5, 0);

-- --------------------------------------------------------

--
-- Struktur dari tabel `phpbb_attachments`
--

CREATE TABLE `phpbb_attachments` (
  `attach_id` int(10) UNSIGNED NOT NULL,
  `post_msg_id` int(10) UNSIGNED NOT NULL DEFAULT '0',
  `topic_id` int(10) UNSIGNED NOT NULL DEFAULT '0',
  `in_message` tinyint(1) UNSIGNED NOT NULL DEFAULT '0',
  `poster_id` int(10) UNSIGNED NOT NULL DEFAULT '0',
  `is_orphan` tinyint(1) UNSIGNED NOT NULL DEFAULT '1',
  `physical_filename` varchar(255) COLLATE utf8_bin NOT NULL DEFAULT '',
  `real_filename` varchar(255) COLLATE utf8_bin NOT NULL DEFAULT '',
  `download_count` mediumint(8) UNSIGNED NOT NULL DEFAULT '0',
  `attach_comment` text COLLATE utf8_bin NOT NULL,
  `extension` varchar(100) COLLATE utf8_bin NOT NULL DEFAULT '',
  `mimetype` varchar(100) COLLATE utf8_bin NOT NULL DEFAULT '',
  `filesize` int(20) UNSIGNED NOT NULL DEFAULT '0',
  `filetime` int(11) UNSIGNED NOT NULL DEFAULT '0',
  `thumbnail` tinyint(1) UNSIGNED NOT NULL DEFAULT '0'
) ENGINE=InnoDB DEFAULT CHARSET=utf8 COLLATE=utf8_bin;

-- --------------------------------------------------------

--
-- Struktur dari tabel `phpbb_banlist`
--

CREATE TABLE `phpbb_banlist` (
  `ban_id` int(10) UNSIGNED NOT NULL,
  `ban_userid` int(10) UNSIGNED NOT NULL DEFAULT '0',
  `ban_ip` varchar(40) COLLATE utf8_bin NOT NULL DEFAULT '',
  `ban_email` varchar(100) COLLATE utf8_bin NOT NULL DEFAULT '',
  `ban_start` int(11) UNSIGNED NOT NULL DEFAULT '0',
  `ban_end` int(11) UNSIGNED NOT NULL DEFAULT '0',
  `ban_exclude` tinyint(1) UNSIGNED NOT NULL DEFAULT '0',
  `ban_reason` varchar(255) COLLATE utf8_bin NOT NULL DEFAULT '',
  `ban_give_reason` varchar(255) COLLATE utf8_bin NOT NULL DEFAULT ''
) ENGINE=InnoDB DEFAULT CHARSET=utf8 COLLATE=utf8_bin;

-- --------------------------------------------------------

--
-- Struktur dari tabel `phpbb_bbcodes`
--

CREATE TABLE `phpbb_bbcodes` (
  `bbcode_id` smallint(4) UNSIGNED NOT NULL DEFAULT '0',
  `bbcode_tag` varchar(16) COLLATE utf8_bin NOT NULL DEFAULT '',
  `bbcode_helpline` varchar(255) COLLATE utf8_bin NOT NULL DEFAULT '',
  `display_on_posting` tinyint(1) UNSIGNED NOT NULL DEFAULT '0',
  `bbcode_match` text COLLATE utf8_bin NOT NULL,
  `bbcode_tpl` mediumtext COLLATE utf8_bin NOT NULL,
  `first_pass_match` mediumtext COLLATE utf8_bin NOT NULL,
  `first_pass_replace` mediumtext COLLATE utf8_bin NOT NULL,
  `second_pass_match` mediumtext COLLATE utf8_bin NOT NULL,
  `second_pass_replace` mediumtext COLLATE utf8_bin NOT NULL
) ENGINE=InnoDB DEFAULT CHARSET=utf8 COLLATE=utf8_bin;

-- --------------------------------------------------------

--
-- Struktur dari tabel `phpbb_bookmarks`
--

CREATE TABLE `phpbb_bookmarks` (
  `topic_id` int(10) UNSIGNED NOT NULL DEFAULT '0',
  `user_id` int(10) UNSIGNED NOT NULL DEFAULT '0'
) ENGINE=InnoDB DEFAULT CHARSET=utf8 COLLATE=utf8_bin;

-- --------------------------------------------------------

--
-- Struktur dari tabel `phpbb_bots`
--

CREATE TABLE `phpbb_bots` (
  `bot_id` int(10) UNSIGNED NOT NULL,
  `bot_active` tinyint(1) UNSIGNED NOT NULL DEFAULT '1',
  `bot_name` varchar(255) COLLATE utf8_bin NOT NULL DEFAULT '',
  `user_id` int(10) UNSIGNED NOT NULL DEFAULT '0',
  `bot_agent` varchar(255) COLLATE utf8_bin NOT NULL DEFAULT '',
  `bot_ip` varchar(255) COLLATE utf8_bin NOT NULL DEFAULT ''
) ENGINE=InnoDB DEFAULT CHARSET=utf8 COLLATE=utf8_bin;

--
-- Dumping data untuk tabel `phpbb_bots`
--

INSERT INTO `phpbb_bots` (`bot_id`, `bot_active`, `bot_name`, `user_id`, `bot_agent`, `bot_ip`) VALUES
(1, 1, 'AdsBot [Google]', 3, 'AdsBot-Google', ''),
(2, 1, 'Alexa [Bot]', 4, 'ia_archiver', ''),
(3, 1, 'Alta Vista [Bot]', 5, 'Scooter/', ''),
(4, 1, 'Ask Jeeves [Bot]', 6, 'Ask Jeeves', ''),
(5, 1, 'Baidu [Spider]', 7, 'Baiduspider', ''),
(6, 1, 'Bing [Bot]', 8, 'bingbot/', ''),
(7, 1, 'DuckDuckGo [Bot]', 9, 'DuckDuckBot/', ''),
(8, 1, 'Exabot [Bot]', 10, 'Exabot', ''),
(9, 1, 'FAST Enterprise [Crawler]', 11, 'FAST Enterprise Crawler', ''),
(10, 1, 'FAST WebCrawler [Crawler]', 12, 'FAST-WebCrawler/', ''),
(11, 1, 'Francis [Bot]', 13, 'http://www.neomo.de/', ''),
(12, 1, 'Gigabot [Bot]', 14, 'Gigabot/', ''),
(13, 1, 'Google Adsense [Bot]', 15, 'Mediapartners-Google', ''),
(14, 1, 'Google Desktop', 16, 'Google Desktop', ''),
(15, 1, 'Google Feedfetcher', 17, 'Feedfetcher-Google', ''),
(16, 1, 'Google [Bot]', 18, 'Googlebot', ''),
(17, 1, 'Heise IT-Markt [Crawler]', 19, 'heise-IT-Markt-Crawler', ''),
(18, 1, 'Heritrix [Crawler]', 20, 'heritrix/1.', ''),
(19, 1, 'IBM Research [Bot]', 21, 'ibm.com/cs/crawler', ''),
(20, 1, 'ICCrawler - ICjobs', 22, 'ICCrawler - ICjobs', ''),
(21, 1, 'ichiro [Crawler]', 23, 'ichiro/', ''),
(22, 1, 'Majestic-12 [Bot]', 24, 'MJ12bot/', ''),
(23, 1, 'Metager [Bot]', 25, 'MetagerBot/', ''),
(24, 1, 'MSN NewsBlogs', 26, 'msnbot-NewsBlogs/', ''),
(25, 1, 'MSN [Bot]', 27, 'msnbot/', ''),
(26, 1, 'MSNbot Media', 28, 'msnbot-media/', ''),
(27, 1, 'Nutch [Bot]', 29, 'http://lucene.apache.org/nutch/', ''),
(28, 1, 'Online link [Validator]', 30, 'online link validator', ''),
(29, 1, 'psbot [Picsearch]', 31, 'psbot/0', ''),
(30, 1, 'Sensis [Crawler]', 32, 'Sensis Web Crawler', ''),
(31, 1, 'SEO Crawler', 33, 'SEO search Crawler/', ''),
(32, 1, 'Seoma [Crawler]', 34, 'Seoma [SEO Crawler]', ''),
(33, 1, 'SEOSearch [Crawler]', 35, 'SEOsearch/', ''),
(34, 1, 'Snappy [Bot]', 36, 'Snappy/1.1 ( http://www.urltrends.com/ )', ''),
(35, 1, 'Steeler [Crawler]', 37, 'http://www.tkl.iis.u-tokyo.ac.jp/~crawler/', ''),
(36, 1, 'Telekom [Bot]', 38, 'crawleradmin.t-info@telekom.de', ''),
(37, 1, 'TurnitinBot [Bot]', 39, 'TurnitinBot/', ''),
(38, 1, 'Voyager [Bot]', 40, 'voyager/', ''),
(39, 1, 'W3 [Sitesearch]', 41, 'W3 SiteSearch Crawler', ''),
(40, 1, 'W3C [Linkcheck]', 42, 'W3C-checklink/', ''),
(41, 1, 'W3C [Validator]', 43, 'W3C_Validator', ''),
(42, 1, 'YaCy [Bot]', 44, 'yacybot', ''),
(43, 1, 'Yahoo MMCrawler [Bot]', 45, 'Yahoo-MMCrawler/', ''),
(44, 1, 'Yahoo Slurp [Bot]', 46, 'Yahoo! DE Slurp', ''),
(45, 1, 'Yahoo [Bot]', 47, 'Yahoo! Slurp', ''),
(46, 1, 'YahooSeeker [Bot]', 48, 'YahooSeeker/', '');

-- --------------------------------------------------------

--
-- Struktur dari tabel `phpbb_config`
--

CREATE TABLE `phpbb_config` (
  `config_name` varchar(255) COLLATE utf8_bin NOT NULL DEFAULT '',
  `config_value` varchar(255) COLLATE utf8_bin NOT NULL DEFAULT '',
  `is_dynamic` tinyint(1) UNSIGNED NOT NULL DEFAULT '0'
) ENGINE=InnoDB DEFAULT CHARSET=utf8 COLLATE=utf8_bin;

--
-- Dumping data untuk tabel `phpbb_config`
--

INSERT INTO `phpbb_config` (`config_name`, `config_value`, `is_dynamic`) VALUES
('active_sessions', '0', 0),
('allow_attachments', '1', 0),
('allow_autologin', '1', 0),
('allow_avatar', '1', 0),
('allow_avatar_gravatar', '0', 0),
('allow_avatar_local', '0', 0),
('allow_avatar_remote', '0', 0),
('allow_avatar_remote_upload', '0', 0),
('allow_avatar_upload', '1', 0),
('allow_bbcode', '1', 0),
('allow_birthdays', '1', 0),
('allow_board_notifications', '1', 0),
('allow_bookmarks', '1', 0),
('allow_cdn', '0', 0),
('allow_emailreuse', '0', 0),
('allow_forum_notify', '1', 0),
('allow_live_searches', '1', 0),
('allow_mass_pm', '1', 0),
('allow_name_chars', 'USERNAME_CHARS_ANY', 0),
('allow_namechange', '0', 0),
('allow_nocensors', '0', 0),
('allow_password_reset', '1', 0),
('allow_pm_attach', '0', 0),
('allow_pm_report', '1', 0),
('allow_post_flash', '1', 0),
('allow_post_links', '1', 0),
('allow_privmsg', '1', 0),
('allow_quick_reply', '1', 0),
('allow_sig', '1', 0),
('allow_sig_bbcode', '1', 0),
('allow_sig_flash', '0', 0),
('allow_sig_img', '1', 0),
('allow_sig_links', '1', 0),
('allow_sig_pm', '1', 0),
('allow_sig_smilies', '1', 0),
('allow_smilies', '1', 0),
('allow_topic_notify', '1', 0),
('allowed_schemes_links', 'http,https,ftp', 0),
('assets_version', '1', 0),
('attachment_quota', '52428800', 0),
('auth_bbcode_pm', '1', 0),
('auth_flash_pm', '0', 0),
('auth_img_pm', '1', 0),
('auth_method', 'db', 0),
('auth_smilies_pm', '1', 0),
('avatar_filesize', '6144', 0),
('avatar_gallery_path', 'images/avatars/gallery', 0),
('avatar_max_height', '90', 0),
('avatar_max_width', '90', 0),
('avatar_min_height', '20', 0),
('avatar_min_width', '20', 0),
('avatar_path', 'images/avatars/upload', 0),
('avatar_salt', 'd0c3e6184d60fe62a9c198255045118f', 0),
('board_contact', 'moh.ramdani22@gmail.com', 0),
('board_contact_name', '', 0),
('board_disable', '0', 0),
('board_disable_msg', '', 0),
('board_email', 'moh.ramdani22@gmail.com', 0),
('board_email_form', '0', 0),
('board_email_sig', 'Thanks, The Management', 0),
('board_hide_emails', '1', 0),
('board_index_text', '', 0),
('board_startdate', '1600787673', 0),
('board_timezone', 'UTC', 0),
('browser_check', '1', 0),
('bump_interval', '10', 0),
('bump_type', 'd', 0),
('cache_gc', '7200', 0),
('cache_last_gc', '1600879394', 1),
('captcha_gd', '1', 0),
('captcha_gd_3d_noise', '1', 0),
('captcha_gd_fonts', '1', 0),
('captcha_gd_foreground_noise', '0', 0),
('captcha_gd_wave', '0', 0),
('captcha_gd_x_grid', '25', 0),
('captcha_gd_y_grid', '25', 0),
('captcha_plugin', 'core.captcha.plugins.gd', 0),
('check_attachment_content', '1', 0),
('check_dnsbl', '0', 0),
('chg_passforce', '0', 0),
('confirm_refresh', '1', 0),
('contact_admin_form_enable', '1', 0),
('cookie_domain', 'ramdani.ganteng', 0),
('cookie_name', 'phpbb3_m3t3s', 0),
('cookie_notice', '0', 0),
('cookie_path', '/', 0),
('cookie_secure', '', 0),
('coppa_enable', '0', 0),
('coppa_fax', '', 0),
('coppa_mail', '', 0),
('cron_lock', '0', 1),
('database_gc', '604800', 0),
('database_last_gc', '1600788174', 1),
('dbms_version', '10.1.37-MariaDB', 0),
('default_dateformat', 'D M d, Y g:i a', 0),
('default_lang', 'en', 0),
('default_search_return_chars', '300', 0),
('default_style', '1', 0),
('delete_time', '0', 0),
('display_last_edited', '1', 0),
('display_last_subject', '1', 0),
('display_order', '0', 0),
('display_unapproved_posts', '1', 0),
('edit_time', '0', 0),
('email_check_mx', '1', 0),
('email_enable', '1', 0),
('email_force_sender', '0', 0),
('email_max_chunk_size', '50', 0),
('email_package_size', '20', 0),
('enable_accurate_pm_button', '1', 0),
('enable_confirm', '1', 0),
('enable_mod_rewrite', '0', 0),
('enable_pm_icons', '1', 0),
('enable_post_confirm', '1', 0),
('enable_queue_trigger', '0', 0),
('enable_update_hashes', '0', 0),
('extension_force_unstable', '0', 0),
('feed_enable', '1', 0),
('feed_forum', '1', 0),
('feed_http_auth', '0', 0),
('feed_item_statistics', '1', 0),
('feed_limit', '10', 0),
('feed_limit_post', '15', 0),
('feed_limit_topic', '10', 0),
('feed_overall', '1', 0),
('feed_overall_forums', '0', 0),
('feed_overall_forums_limit', '15', 0),
('feed_overall_topics', '0', 0),
('feed_overall_topics_limit', '15', 0),
('feed_topic', '1', 0),
('feed_topics_active', '0', 0),
('feed_topics_new', '1', 0),
('flood_interval', '15', 0),
('force_server_vars', '0', 0),
('form_token_lifetime', '7200', 0),
('form_token_mintime', '0', 0),
('form_token_sid_guests', '1', 0),
('forward_pm', '1', 0),
('forwarded_for_check', '0', 0),
('full_folder_action', '2', 0),
('fulltext_mysql_max_word_len', '254', 0),
('fulltext_mysql_min_word_len', '4', 0),
('fulltext_native_common_thres', '5', 0),
('fulltext_native_load_upd', '1', 0),
('fulltext_native_max_chars', '14', 0),
('fulltext_native_min_chars', '3', 0),
('fulltext_postgres_max_word_len', '254', 0),
('fulltext_postgres_min_word_len', '4', 0),
('fulltext_postgres_ts_name', 'simple', 0),
('fulltext_sphinx_indexer_mem_limit', '512', 0),
('fulltext_sphinx_stopwords', '0', 0),
('gzip_compress', '0', 0),
('help_send_statistics', '1', 0),
('help_send_statistics_time', '0', 0),
('hot_threshold', '25', 0),
('icons_path', 'images/icons', 0),
('img_create_thumbnail', '0', 0),
('img_display_inlined', '1', 0),
('img_link_height', '0', 0),
('img_link_width', '0', 0),
('img_max_height', '0', 0),
('img_max_thumb_width', '400', 0),
('img_max_width', '0', 0),
('img_min_thumb_filesize', '12000', 0),
('img_quality', '85', 0),
('img_strip_metadata', '0', 0),
('ip_check', '3', 0),
('ip_login_limit_max', '50', 0),
('ip_login_limit_time', '21600', 0),
('ip_login_limit_use_forwarded', '0', 0),
('jab_allow_self_signed', '0', 0),
('jab_enable', '0', 0),
('jab_host', '', 0),
('jab_package_size', '20', 0),
('jab_password', '', 0),
('jab_port', '5222', 0),
('jab_use_ssl', '0', 0),
('jab_username', '', 0),
('jab_verify_peer', '1', 0),
('jab_verify_peer_name', '1', 0),
('last_queue_run', '0', 1),
('ldap_base_dn', '', 0),
('ldap_email', '', 0),
('ldap_password', '', 0),
('ldap_port', '', 0),
('ldap_server', '', 0),
('ldap_uid', '', 0),
('ldap_user', '', 0),
('ldap_user_filter', '', 0),
('legend_sort_groupname', '0', 0),
('limit_load', '0', 0),
('limit_search_load', '0', 0),
('load_anon_lastread', '0', 0),
('load_birthdays', '1', 0),
('load_cpf_memberlist', '1', 0),
('load_cpf_pm', '1', 0),
('load_cpf_viewprofile', '1', 0),
('load_cpf_viewtopic', '1', 0),
('load_db_lastread', '1', 0),
('load_db_track', '1', 0),
('load_font_awesome_url', 'https://maxcdn.bootstrapcdn.com/font-awesome/4.7.0/css/font-awesome.min.css', 0),
('load_jquery_url', '//ajax.googleapis.com/ajax/libs/jquery/3.5.1/jquery.min.js', 0),
('load_jumpbox', '1', 0),
('load_moderators', '1', 0),
('load_notifications', '1', 0),
('load_online', '1', 0),
('load_online_guests', '1', 0),
('load_online_time', '5', 0),
('load_onlinetrack', '1', 0),
('load_search', '1', 0),
('load_tplcompile', '0', 0),
('load_unreads_search', '1', 0),
('load_user_activity', '1', 0),
('load_user_activity_limit', '5000', 0),
('max_attachments', '3', 0),
('max_attachments_pm', '1', 0),
('max_autologin_time', '0', 0),
('max_filesize', '262144', 0),
('max_filesize_pm', '262144', 0),
('max_login_attempts', '3', 0),
('max_name_chars', '20', 0),
('max_num_search_keywords', '10', 0),
('max_poll_options', '10', 0),
('max_post_chars', '60000', 0),
('max_post_font_size', '200', 0),
('max_post_img_height', '0', 0),
('max_post_img_width', '0', 0),
('max_post_smilies', '0', 0),
('max_post_urls', '0', 0),
('max_quote_depth', '3', 0),
('max_reg_attempts', '5', 0),
('max_sig_chars', '255', 0),
('max_sig_font_size', '200', 0),
('max_sig_img_height', '0', 0),
('max_sig_img_width', '0', 0),
('max_sig_smilies', '0', 0),
('max_sig_urls', '5', 0),
('mime_triggers', 'body|head|html|img|plaintext|a href|pre|script|table|title', 0),
('min_name_chars', '3', 0),
('min_pass_chars', '6', 0),
('min_post_chars', '1', 0),
('min_search_author_chars', '3', 0),
('new_member_group_default', '0', 0),
('new_member_post_limit', '3', 0),
('newest_user_colour', '', 1),
('newest_user_id', '97', 1),
('newest_username', 'ramdani', 1),
('num_files', '0', 1),
('num_posts', '1', 1),
('num_topics', '1', 1),
('num_users', '2', 1),
('override_user_style', '0', 0),
('pass_complex', 'PASS_TYPE_ANY', 0),
('plupload_last_gc', '0', 1),
('plupload_salt', '4865b5d1476570cbcaaba715d403824f', 0),
('pm_edit_time', '0', 0),
('pm_max_boxes', '4', 0),
('pm_max_msgs', '50', 0),
('pm_max_recipients', '0', 0),
('posts_per_page', '10', 0),
('print_pm', '1', 0),
('questionnaire_unique_id', 'cd29rxtogercelt4', 0),
('queue_interval', '60', 0),
('queue_trigger_posts', '3', 0),
('rand_seed', '0', 1),
('rand_seed_last_update', '0', 1),
('ranks_path', 'images/ranks', 0),
('read_notification_expire_days', '30', 0),
('read_notification_gc', '86400', 0),
('read_notification_last_gc', '1600879542', 1),
('recaptcha_v3_domain', 'google.com', 0),
('recaptcha_v3_key', '', 0),
('recaptcha_v3_method', 'post', 0),
('recaptcha_v3_secret', '', 0),
('recaptcha_v3_threshold_default', '0.5', 0),
('recaptcha_v3_threshold_login', '0.5', 0),
('recaptcha_v3_threshold_post', '0.5', 0),
('recaptcha_v3_threshold_register', '0.5', 0),
('recaptcha_v3_threshold_report', '0.5', 0),
('record_online_date', '1600789298', 1),
('record_online_users', '3', 1),
('referer_validation', '0', 0),
('remote_upload_verify', '0', 0),
('reparse_lock', '0', 1),
('require_activation', '0', 0),
('script_path', '/phpBB3', 0),
('search_anonymous_interval', '0', 0),
('search_block_size', '250', 0),
('search_gc', '7200', 0),
('search_indexing_state', '', 1),
('search_interval', '0', 0),
('search_last_gc', '1600936555', 1),
('search_store_results', '1800', 0),
('search_type', '\\phpbb\\search\\fulltext_native', 0),
('secure_allow_deny', '1', 0),
('secure_allow_empty_referer', '1', 0),
('secure_downloads', '0', 0),
('server_name', 'ramdani.ganteng', 0),
('server_port', '80', 0),
('server_protocol', 'http://', 0),
('session_gc', '3600', 0),
('session_last_gc', '1600879104', 1),
('session_length', '3600', 0),
('site_desc', 'A short text to describe your forum', 0),
('site_home_text', '', 0),
('site_home_url', '', 0),
('sitename', 'tryphpbb.com', 0),
('smilies_path', 'images/smilies', 0),
('smilies_per_page', '50', 0),
('smtp_allow_self_signed', '0', 0),
('smtp_auth_method', 'PLAIN', 0),
('smtp_delivery', '0', 0),
('smtp_host', '', 0),
('smtp_password', '', 1),
('smtp_port', '', 0),
('smtp_username', '', 1),
('smtp_verify_peer', '1', 0),
('smtp_verify_peer_name', '1', 0),
('teampage_forums', '1', 0),
('teampage_memberships', '1', 0),
('text_reparser.pm_text_cron_interval', '10', 0),
('text_reparser.pm_text_last_cron', '1600936558', 0),
('text_reparser.poll_option_cron_interval', '10', 0),
('text_reparser.poll_option_last_cron', '1600936542', 0),
('text_reparser.poll_title_cron_interval', '10', 0),
('text_reparser.poll_title_last_cron', '1600788037', 0),
('text_reparser.post_text_cron_interval', '10', 0),
('text_reparser.post_text_last_cron', '1600788056', 0),
('text_reparser.user_signature_cron_interval', '10', 0),
('text_reparser.user_signature_last_cron', '1600788117', 0),
('topics_per_page', '25', 0),
('tpl_allow_php', '0', 0),
('update_hashes_last_cron', '1600788180', 0),
('update_hashes_lock', '0', 0),
('upload_dir_size', '0', 1),
('upload_icons_path', 'images/upload_icons', 0),
('upload_path', 'files', 0),
('use_system_cron', '0', 0),
('version', '3.3.1', 0),
('viglink_ask_admin_last', '1600870598', 0),
('warnings_expire_days', '90', 0),
('warnings_gc', '14400', 0),
('warnings_last_gc', '1600870552', 1);

-- --------------------------------------------------------

--
-- Struktur dari tabel `phpbb_config_text`
--

CREATE TABLE `phpbb_config_text` (
  `config_name` varchar(255) COLLATE utf8_bin NOT NULL DEFAULT '',
  `config_value` mediumtext COLLATE utf8_bin NOT NULL
) ENGINE=InnoDB DEFAULT CHARSET=utf8 COLLATE=utf8_bin;

--
-- Dumping data untuk tabel `phpbb_config_text`
--

INSERT INTO `phpbb_config_text` (`config_name`, `config_value`) VALUES
('contact_admin_info', ''),
('contact_admin_info_bitfield', ''),
('contact_admin_info_flags', '7'),
('contact_admin_info_uid', ''),
('reparser_resume', 'a:3:{s:24:\"text_reparser.poll_title\";a:3:{s:9:\"range-min\";i:1;s:9:\"range-max\";i:0;s:10:\"range-size\";i:100;}s:23:\"text_reparser.post_text\";a:3:{s:9:\"range-min\";i:1;s:9:\"range-max\";i:0;s:10:\"range-size\";i:100;}s:28:\"text_reparser.user_signature\";a:3:{s:9:\"range-min\";i:1;s:9:\"range-max\";i:0;s:10:\"range-size\";i:100;}}');

-- --------------------------------------------------------

--
-- Struktur dari tabel `phpbb_confirm`
--

CREATE TABLE `phpbb_confirm` (
  `confirm_id` char(32) COLLATE utf8_bin NOT NULL DEFAULT '',
  `session_id` char(32) COLLATE utf8_bin NOT NULL DEFAULT '',
  `confirm_type` tinyint(3) NOT NULL DEFAULT '0',
  `code` varchar(8) COLLATE utf8_bin NOT NULL DEFAULT '',
  `seed` int(10) UNSIGNED NOT NULL DEFAULT '0',
  `attempts` mediumint(8) UNSIGNED NOT NULL DEFAULT '0'
) ENGINE=InnoDB DEFAULT CHARSET=utf8 COLLATE=utf8_bin;

-- --------------------------------------------------------

--
-- Struktur dari tabel `phpbb_disallow`
--

CREATE TABLE `phpbb_disallow` (
  `disallow_id` mediumint(8) UNSIGNED NOT NULL,
  `disallow_username` varchar(255) COLLATE utf8_bin NOT NULL DEFAULT ''
) ENGINE=InnoDB DEFAULT CHARSET=utf8 COLLATE=utf8_bin;

-- --------------------------------------------------------

--
-- Struktur dari tabel `phpbb_drafts`
--

CREATE TABLE `phpbb_drafts` (
  `draft_id` int(10) UNSIGNED NOT NULL,
  `user_id` int(10) UNSIGNED NOT NULL DEFAULT '0',
  `topic_id` int(10) UNSIGNED NOT NULL DEFAULT '0',
  `forum_id` mediumint(8) UNSIGNED NOT NULL DEFAULT '0',
  `save_time` int(11) UNSIGNED NOT NULL DEFAULT '0',
  `draft_subject` varchar(255) COLLATE utf8_bin NOT NULL DEFAULT '',
  `draft_message` mediumtext COLLATE utf8_bin NOT NULL
) ENGINE=InnoDB DEFAULT CHARSET=utf8 COLLATE=utf8_bin;

-- --------------------------------------------------------

--
-- Struktur dari tabel `phpbb_ext`
--

CREATE TABLE `phpbb_ext` (
  `ext_name` varchar(255) COLLATE utf8_bin NOT NULL DEFAULT '',
  `ext_active` tinyint(1) UNSIGNED NOT NULL DEFAULT '0',
  `ext_state` text COLLATE utf8_bin NOT NULL
) ENGINE=InnoDB DEFAULT CHARSET=utf8 COLLATE=utf8_bin;

-- --------------------------------------------------------

--
-- Struktur dari tabel `phpbb_extensions`
--

CREATE TABLE `phpbb_extensions` (
  `extension_id` mediumint(8) UNSIGNED NOT NULL,
  `group_id` mediumint(8) UNSIGNED NOT NULL DEFAULT '0',
  `extension` varchar(100) COLLATE utf8_bin NOT NULL DEFAULT ''
) ENGINE=InnoDB DEFAULT CHARSET=utf8 COLLATE=utf8_bin;

--
-- Dumping data untuk tabel `phpbb_extensions`
--

INSERT INTO `phpbb_extensions` (`extension_id`, `group_id`, `extension`) VALUES
(1, 1, 'gif'),
(2, 1, 'png'),
(3, 1, 'jpeg'),
(4, 1, 'jpg'),
(5, 1, 'tif'),
(6, 1, 'tiff'),
(7, 1, 'tga'),
(8, 2, 'gtar'),
(9, 2, 'gz'),
(10, 2, 'tar'),
(11, 2, 'zip'),
(12, 2, 'rar'),
(13, 2, 'ace'),
(14, 2, 'torrent'),
(15, 2, 'tgz'),
(16, 2, 'bz2'),
(17, 2, '7z'),
(18, 3, 'txt'),
(19, 3, 'c'),
(20, 3, 'h'),
(21, 3, 'cpp'),
(22, 3, 'hpp'),
(23, 3, 'diz'),
(24, 3, 'csv'),
(25, 3, 'ini'),
(26, 3, 'log'),
(27, 3, 'js'),
(28, 3, 'xml'),
(29, 4, 'xls'),
(30, 4, 'xlsx'),
(31, 4, 'xlsm'),
(32, 4, 'xlsb'),
(33, 4, 'doc'),
(34, 4, 'docx'),
(35, 4, 'docm'),
(36, 4, 'dot'),
(37, 4, 'dotx'),
(38, 4, 'dotm'),
(39, 4, 'pdf'),
(40, 4, 'ai'),
(41, 4, 'ps'),
(42, 4, 'ppt'),
(43, 4, 'pptx'),
(44, 4, 'pptm'),
(45, 4, 'odg'),
(46, 4, 'odp'),
(47, 4, 'ods'),
(48, 4, 'odt'),
(49, 4, 'rtf'),
(50, 5, 'mp3'),
(51, 5, 'mpeg'),
(52, 5, 'mpg'),
(53, 5, 'ogg'),
(54, 5, 'ogm'),
(55, 1, 'gif'),
(56, 1, 'png'),
(57, 1, 'jpeg'),
(58, 1, 'jpg'),
(59, 1, 'tif'),
(60, 1, 'tiff'),
(61, 1, 'tga'),
(62, 2, 'gtar'),
(63, 2, 'gz'),
(64, 2, 'tar'),
(65, 2, 'zip'),
(66, 2, 'rar'),
(67, 2, 'ace'),
(68, 2, 'torrent'),
(69, 2, 'tgz'),
(70, 2, 'bz2'),
(71, 2, '7z'),
(72, 3, 'txt'),
(73, 3, 'c'),
(74, 3, 'h'),
(75, 3, 'cpp'),
(76, 3, 'hpp'),
(77, 3, 'diz'),
(78, 3, 'csv'),
(79, 3, 'ini'),
(80, 3, 'log'),
(81, 3, 'js'),
(82, 3, 'xml'),
(83, 4, 'xls'),
(84, 4, 'xlsx'),
(85, 4, 'xlsm'),
(86, 4, 'xlsb'),
(87, 4, 'doc'),
(88, 4, 'docx'),
(89, 4, 'docm'),
(90, 4, 'dot'),
(91, 4, 'dotx'),
(92, 4, 'dotm'),
(93, 4, 'pdf'),
(94, 4, 'ai'),
(95, 4, 'ps'),
(96, 4, 'ppt'),
(97, 4, 'pptx'),
(98, 4, 'pptm'),
(99, 4, 'odg'),
(100, 4, 'odp'),
(101, 4, 'ods'),
(102, 4, 'odt'),
(103, 4, 'rtf'),
(104, 5, 'mp3'),
(105, 5, 'mpeg'),
(106, 5, 'mpg'),
(107, 5, 'ogg'),
(108, 5, 'ogm');

-- --------------------------------------------------------

--
-- Struktur dari tabel `phpbb_extension_groups`
--

CREATE TABLE `phpbb_extension_groups` (
  `group_id` mediumint(8) UNSIGNED NOT NULL,
  `group_name` varchar(255) COLLATE utf8_bin NOT NULL DEFAULT '',
  `cat_id` tinyint(2) NOT NULL DEFAULT '0',
  `allow_group` tinyint(1) UNSIGNED NOT NULL DEFAULT '0',
  `download_mode` tinyint(1) UNSIGNED NOT NULL DEFAULT '1',
  `upload_icon` varchar(255) COLLATE utf8_bin NOT NULL DEFAULT '',
  `max_filesize` int(20) UNSIGNED NOT NULL DEFAULT '0',
  `allowed_forums` text COLLATE utf8_bin NOT NULL,
  `allow_in_pm` tinyint(1) UNSIGNED NOT NULL DEFAULT '0'
) ENGINE=InnoDB DEFAULT CHARSET=utf8 COLLATE=utf8_bin;

--
-- Dumping data untuk tabel `phpbb_extension_groups`
--

INSERT INTO `phpbb_extension_groups` (`group_id`, `group_name`, `cat_id`, `allow_group`, `download_mode`, `upload_icon`, `max_filesize`, `allowed_forums`, `allow_in_pm`) VALUES
(1, 'IMAGES', 1, 1, 1, '', 0, '', 0),
(2, 'ARCHIVES', 0, 1, 1, '', 0, '', 0),
(3, 'PLAIN_TEXT', 0, 0, 1, '', 0, '', 0),
(4, 'DOCUMENTS', 0, 0, 1, '', 0, '', 0),
(5, 'DOWNLOADABLE_FILES', 0, 0, 1, '', 0, '', 0),
(6, 'IMAGES', 1, 1, 1, '', 0, '', 0),
(7, 'ARCHIVES', 0, 1, 1, '', 0, '', 0),
(8, 'PLAIN_TEXT', 0, 0, 1, '', 0, '', 0),
(9, 'DOCUMENTS', 0, 0, 1, '', 0, '', 0),
(10, 'DOWNLOADABLE_FILES', 0, 0, 1, '', 0, '', 0);

-- --------------------------------------------------------

--
-- Struktur dari tabel `phpbb_forums`
--

CREATE TABLE `phpbb_forums` (
  `forum_id` mediumint(8) UNSIGNED NOT NULL,
  `parent_id` mediumint(8) UNSIGNED NOT NULL DEFAULT '0',
  `left_id` mediumint(8) UNSIGNED NOT NULL DEFAULT '0',
  `right_id` mediumint(8) UNSIGNED NOT NULL DEFAULT '0',
  `forum_parents` mediumtext COLLATE utf8_bin NOT NULL,
  `forum_name` varchar(255) COLLATE utf8_bin NOT NULL DEFAULT '',
  `forum_desc` text COLLATE utf8_bin NOT NULL,
  `forum_desc_bitfield` varchar(255) COLLATE utf8_bin NOT NULL DEFAULT '',
  `forum_desc_options` int(11) UNSIGNED NOT NULL DEFAULT '7',
  `forum_desc_uid` varchar(8) COLLATE utf8_bin NOT NULL DEFAULT '',
  `forum_link` varchar(255) COLLATE utf8_bin NOT NULL DEFAULT '',
  `forum_password` varchar(255) COLLATE utf8_bin NOT NULL DEFAULT '',
  `forum_style` mediumint(8) UNSIGNED NOT NULL DEFAULT '0',
  `forum_image` varchar(255) COLLATE utf8_bin NOT NULL DEFAULT '',
  `forum_rules` text COLLATE utf8_bin NOT NULL,
  `forum_rules_link` varchar(255) COLLATE utf8_bin NOT NULL DEFAULT '',
  `forum_rules_bitfield` varchar(255) COLLATE utf8_bin NOT NULL DEFAULT '',
  `forum_rules_options` int(11) UNSIGNED NOT NULL DEFAULT '7',
  `forum_rules_uid` varchar(8) COLLATE utf8_bin NOT NULL DEFAULT '',
  `forum_topics_per_page` smallint(4) UNSIGNED NOT NULL DEFAULT '0',
  `forum_type` tinyint(4) NOT NULL DEFAULT '0',
  `forum_status` tinyint(4) NOT NULL DEFAULT '0',
  `forum_last_post_id` int(10) UNSIGNED NOT NULL DEFAULT '0',
  `forum_last_poster_id` int(10) UNSIGNED NOT NULL DEFAULT '0',
  `forum_last_post_subject` varchar(255) COLLATE utf8_bin NOT NULL DEFAULT '',
  `forum_last_post_time` int(11) UNSIGNED NOT NULL DEFAULT '0',
  `forum_last_poster_name` varchar(255) COLLATE utf8_bin NOT NULL DEFAULT '',
  `forum_last_poster_colour` varchar(6) COLLATE utf8_bin NOT NULL DEFAULT '',
  `forum_flags` tinyint(4) NOT NULL DEFAULT '32',
  `display_on_index` tinyint(1) UNSIGNED NOT NULL DEFAULT '1',
  `enable_indexing` tinyint(1) UNSIGNED NOT NULL DEFAULT '1',
  `enable_icons` tinyint(1) UNSIGNED NOT NULL DEFAULT '1',
  `enable_prune` tinyint(1) UNSIGNED NOT NULL DEFAULT '0',
  `prune_next` int(11) UNSIGNED NOT NULL DEFAULT '0',
  `prune_days` mediumint(8) UNSIGNED NOT NULL DEFAULT '0',
  `prune_viewed` mediumint(8) UNSIGNED NOT NULL DEFAULT '0',
  `prune_freq` mediumint(8) UNSIGNED NOT NULL DEFAULT '0',
  `display_subforum_list` tinyint(1) UNSIGNED NOT NULL DEFAULT '1',
  `display_subforum_limit` tinyint(1) UNSIGNED NOT NULL DEFAULT '0',
  `forum_options` int(20) UNSIGNED NOT NULL DEFAULT '0',
  `forum_posts_approved` mediumint(8) UNSIGNED NOT NULL DEFAULT '0',
  `forum_posts_unapproved` mediumint(8) UNSIGNED NOT NULL DEFAULT '0',
  `forum_posts_softdeleted` mediumint(8) UNSIGNED NOT NULL DEFAULT '0',
  `forum_topics_approved` mediumint(8) UNSIGNED NOT NULL DEFAULT '0',
  `forum_topics_unapproved` mediumint(8) UNSIGNED NOT NULL DEFAULT '0',
  `forum_topics_softdeleted` mediumint(8) UNSIGNED NOT NULL DEFAULT '0',
  `enable_shadow_prune` tinyint(1) UNSIGNED NOT NULL DEFAULT '0',
  `prune_shadow_days` mediumint(8) UNSIGNED NOT NULL DEFAULT '7',
  `prune_shadow_freq` mediumint(8) UNSIGNED NOT NULL DEFAULT '1',
  `prune_shadow_next` int(11) NOT NULL DEFAULT '0'
) ENGINE=InnoDB DEFAULT CHARSET=utf8 COLLATE=utf8_bin;

--
-- Dumping data untuk tabel `phpbb_forums`
--

INSERT INTO `phpbb_forums` (`forum_id`, `parent_id`, `left_id`, `right_id`, `forum_parents`, `forum_name`, `forum_desc`, `forum_desc_bitfield`, `forum_desc_options`, `forum_desc_uid`, `forum_link`, `forum_password`, `forum_style`, `forum_image`, `forum_rules`, `forum_rules_link`, `forum_rules_bitfield`, `forum_rules_options`, `forum_rules_uid`, `forum_topics_per_page`, `forum_type`, `forum_status`, `forum_last_post_id`, `forum_last_poster_id`, `forum_last_post_subject`, `forum_last_post_time`, `forum_last_poster_name`, `forum_last_poster_colour`, `forum_flags`, `display_on_index`, `enable_indexing`, `enable_icons`, `enable_prune`, `prune_next`, `prune_days`, `prune_viewed`, `prune_freq`, `display_subforum_list`, `display_subforum_limit`, `forum_options`, `forum_posts_approved`, `forum_posts_unapproved`, `forum_posts_softdeleted`, `forum_topics_approved`, `forum_topics_unapproved`, `forum_topics_softdeleted`, `enable_shadow_prune`, `prune_shadow_days`, `prune_shadow_freq`, `prune_shadow_next`) VALUES
(1, 0, 1, 4, '', 'Your first category', '', '', 7, '', '', '', 0, '', '', '', '', 7, '', 0, 0, 0, 1, 2, '', 1600787696, 'pakkem', 'AA0000', 32, 1, 1, 1, 0, 0, 0, 0, 0, 1, 0, 0, 0, 0, 0, 0, 0, 0, 0, 7, 1, 0),
(2, 1, 2, 3, 'a:2:{i:1;a:2:{i:0;s:19:\"Your first category\";i:1;i:0;}i:3;a:2:{i:0;s:19:\"Your first category\";i:1;i:0;}}', 'Your first forum', 'Description of your first forum.', '', 7, '', '', '', 0, '', '', '', '', 7, '', 0, 1, 0, 2, 2, 'Ayeeee', 1600787696, 'pakkem', 'AA0000', 48, 1, 1, 1, 0, 0, 7, 7, 1, 1, 0, 0, 3, 1, 0, 2, 0, 0, 0, 7, 1, 0),
(3, 0, 1, 4, '', 'Your first category', '', '', 7, '', '', '', 0, '', '', '', '', 7, '', 0, 0, 0, 1, 2, '', 1600787696, 'pakkem', 'AA0000', 32, 1, 1, 1, 0, 0, 0, 0, 0, 1, 0, 0, 0, 0, 0, 0, 0, 0, 0, 7, 1, 0),
(4, 1, 2, 3, 'a:2:{i:1;a:2:{i:0;s:19:\"Your first category\";i:1;i:0;}i:3;a:2:{i:0;s:19:\"Your first category\";i:1;i:0;}}', 'Your first forum', 'Description of your first forum.', '', 7, '', '', '', 0, '', '', '', '', 7, '', 0, 1, 0, 1, 2, 'Welcome to phpBB3', 1600787696, 'pakkem', 'AA0000', 48, 1, 1, 1, 0, 0, 7, 7, 1, 1, 0, 0, 1, 0, 0, 1, 0, 0, 0, 7, 1, 0);

-- --------------------------------------------------------

--
-- Struktur dari tabel `phpbb_forums_access`
--

CREATE TABLE `phpbb_forums_access` (
  `forum_id` mediumint(8) UNSIGNED NOT NULL DEFAULT '0',
  `user_id` int(10) UNSIGNED NOT NULL DEFAULT '0',
  `session_id` char(32) COLLATE utf8_bin NOT NULL DEFAULT ''
) ENGINE=InnoDB DEFAULT CHARSET=utf8 COLLATE=utf8_bin;

-- --------------------------------------------------------

--
-- Struktur dari tabel `phpbb_forums_track`
--

CREATE TABLE `phpbb_forums_track` (
  `user_id` int(10) UNSIGNED NOT NULL DEFAULT '0',
  `forum_id` mediumint(8) UNSIGNED NOT NULL DEFAULT '0',
  `mark_time` int(11) UNSIGNED NOT NULL DEFAULT '0'
) ENGINE=InnoDB DEFAULT CHARSET=utf8 COLLATE=utf8_bin;

-- --------------------------------------------------------

--
-- Struktur dari tabel `phpbb_forums_watch`
--

CREATE TABLE `phpbb_forums_watch` (
  `forum_id` mediumint(8) UNSIGNED NOT NULL DEFAULT '0',
  `user_id` int(10) UNSIGNED NOT NULL DEFAULT '0',
  `notify_status` tinyint(1) UNSIGNED NOT NULL DEFAULT '0'
) ENGINE=InnoDB DEFAULT CHARSET=utf8 COLLATE=utf8_bin;

-- --------------------------------------------------------

--
-- Struktur dari tabel `phpbb_groups`
--

CREATE TABLE `phpbb_groups` (
  `group_id` mediumint(8) UNSIGNED NOT NULL,
  `group_type` tinyint(4) NOT NULL DEFAULT '1',
  `group_founder_manage` tinyint(1) UNSIGNED NOT NULL DEFAULT '0',
  `group_skip_auth` tinyint(1) UNSIGNED NOT NULL DEFAULT '0',
  `group_name` varchar(255) COLLATE utf8_bin NOT NULL DEFAULT '',
  `group_desc` text COLLATE utf8_bin NOT NULL,
  `group_desc_bitfield` varchar(255) COLLATE utf8_bin NOT NULL DEFAULT '',
  `group_desc_options` int(11) UNSIGNED NOT NULL DEFAULT '7',
  `group_desc_uid` varchar(8) COLLATE utf8_bin NOT NULL DEFAULT '',
  `group_display` tinyint(1) UNSIGNED NOT NULL DEFAULT '0',
  `group_avatar` varchar(255) COLLATE utf8_bin NOT NULL DEFAULT '',
  `group_avatar_type` varchar(255) COLLATE utf8_bin NOT NULL DEFAULT '',
  `group_avatar_width` smallint(4) UNSIGNED NOT NULL DEFAULT '0',
  `group_avatar_height` smallint(4) UNSIGNED NOT NULL DEFAULT '0',
  `group_rank` mediumint(8) UNSIGNED NOT NULL DEFAULT '0',
  `group_colour` varchar(6) COLLATE utf8_bin NOT NULL DEFAULT '',
  `group_sig_chars` mediumint(8) UNSIGNED NOT NULL DEFAULT '0',
  `group_receive_pm` tinyint(1) UNSIGNED NOT NULL DEFAULT '0',
  `group_message_limit` mediumint(8) UNSIGNED NOT NULL DEFAULT '0',
  `group_legend` mediumint(8) UNSIGNED NOT NULL DEFAULT '0',
  `group_max_recipients` mediumint(8) UNSIGNED NOT NULL DEFAULT '0'
) ENGINE=InnoDB DEFAULT CHARSET=utf8 COLLATE=utf8_bin;

--
-- Dumping data untuk tabel `phpbb_groups`
--

INSERT INTO `phpbb_groups` (`group_id`, `group_type`, `group_founder_manage`, `group_skip_auth`, `group_name`, `group_desc`, `group_desc_bitfield`, `group_desc_options`, `group_desc_uid`, `group_display`, `group_avatar`, `group_avatar_type`, `group_avatar_width`, `group_avatar_height`, `group_rank`, `group_colour`, `group_sig_chars`, `group_receive_pm`, `group_message_limit`, `group_legend`, `group_max_recipients`) VALUES
(1, 3, 0, 0, 'GUESTS', '', '', 7, '', 0, '', '', 0, 0, 0, '', 0, 0, 0, 0, 5),
(2, 3, 0, 0, 'REGISTERED', '', '', 7, '', 0, '', '', 0, 0, 0, '', 0, 0, 0, 0, 5),
(3, 3, 0, 0, 'REGISTERED_COPPA', '', '', 7, '', 0, '', '', 0, 0, 0, '', 0, 0, 0, 0, 5),
(4, 3, 0, 0, 'GLOBAL_MODERATORS', '', '', 7, '', 0, '', '', 0, 0, 0, '00AA00', 0, 0, 0, 2, 0),
(5, 3, 1, 0, 'ADMINISTRATORS', '', '', 7, '', 0, '', '', 0, 0, 0, 'AA0000', 0, 0, 0, 1, 0),
(6, 3, 0, 0, 'BOTS', '', '', 7, '', 0, '', '', 0, 0, 0, '9E8DA7', 0, 0, 0, 0, 5),
(7, 3, 0, 0, 'NEWLY_REGISTERED', '', '', 7, '', 0, '', '', 0, 0, 0, '', 0, 0, 0, 0, 5),
(8, 3, 0, 0, 'GUESTS', '', '', 7, '', 0, '', '', 0, 0, 0, '', 0, 0, 0, 0, 5),
(9, 3, 0, 0, 'REGISTERED', '', '', 7, '', 0, '', '', 0, 0, 0, '', 0, 0, 0, 0, 5),
(10, 3, 0, 0, 'REGISTERED_COPPA', '', '', 7, '', 0, '', '', 0, 0, 0, '', 0, 0, 0, 0, 5),
(11, 3, 0, 0, 'GLOBAL_MODERATORS', '', '', 7, '', 0, '', '', 0, 0, 0, '00AA00', 0, 0, 0, 2, 0),
(12, 3, 1, 0, 'ADMINISTRATORS', '', '', 7, '', 0, '', '', 0, 0, 0, 'AA0000', 0, 0, 0, 1, 0),
(13, 3, 0, 0, 'BOTS', '', '', 7, '', 0, '', '', 0, 0, 0, '9E8DA7', 0, 0, 0, 0, 5),
(14, 3, 0, 0, 'NEWLY_REGISTERED', '', '', 7, '', 0, '', '', 0, 0, 0, '', 0, 0, 0, 0, 5);

-- --------------------------------------------------------

--
-- Struktur dari tabel `phpbb_icons`
--

CREATE TABLE `phpbb_icons` (
  `icons_id` mediumint(8) UNSIGNED NOT NULL,
  `icons_url` varchar(255) COLLATE utf8_bin NOT NULL DEFAULT '',
  `icons_width` tinyint(4) NOT NULL DEFAULT '0',
  `icons_height` tinyint(4) NOT NULL DEFAULT '0',
  `icons_alt` varchar(255) COLLATE utf8_bin NOT NULL DEFAULT '',
  `icons_order` mediumint(8) UNSIGNED NOT NULL DEFAULT '0',
  `display_on_posting` tinyint(1) UNSIGNED NOT NULL DEFAULT '1'
) ENGINE=InnoDB DEFAULT CHARSET=utf8 COLLATE=utf8_bin;

--
-- Dumping data untuk tabel `phpbb_icons`
--

INSERT INTO `phpbb_icons` (`icons_id`, `icons_url`, `icons_width`, `icons_height`, `icons_alt`, `icons_order`, `display_on_posting`) VALUES
(1, 'misc/fire.gif', 16, 16, '', 1, 1),
(2, 'smile/redface.gif', 16, 16, '', 9, 1),
(3, 'smile/mrgreen.gif', 16, 16, '', 10, 1),
(4, 'misc/heart.gif', 16, 16, '', 4, 1),
(5, 'misc/star.gif', 16, 16, '', 2, 1),
(6, 'misc/radioactive.gif', 16, 16, '', 3, 1),
(7, 'misc/thinking.gif', 16, 16, '', 5, 1),
(8, 'smile/info.gif', 16, 16, '', 8, 1),
(9, 'smile/question.gif', 16, 16, '', 6, 1),
(10, 'smile/alert.gif', 16, 16, '', 7, 1),
(11, 'misc/fire.gif', 16, 16, '', 1, 1),
(12, 'smile/redface.gif', 16, 16, '', 9, 1),
(13, 'smile/mrgreen.gif', 16, 16, '', 10, 1),
(14, 'misc/heart.gif', 16, 16, '', 4, 1),
(15, 'misc/star.gif', 16, 16, '', 2, 1),
(16, 'misc/radioactive.gif', 16, 16, '', 3, 1),
(17, 'misc/thinking.gif', 16, 16, '', 5, 1),
(18, 'smile/info.gif', 16, 16, '', 8, 1),
(19, 'smile/question.gif', 16, 16, '', 6, 1),
(20, 'smile/alert.gif', 16, 16, '', 7, 1);

-- --------------------------------------------------------

--
-- Struktur dari tabel `phpbb_lang`
--

CREATE TABLE `phpbb_lang` (
  `lang_id` tinyint(4) NOT NULL,
  `lang_iso` varchar(30) COLLATE utf8_bin NOT NULL DEFAULT '',
  `lang_dir` varchar(30) COLLATE utf8_bin NOT NULL DEFAULT '',
  `lang_english_name` varchar(100) COLLATE utf8_bin NOT NULL DEFAULT '',
  `lang_local_name` varchar(255) COLLATE utf8_bin NOT NULL DEFAULT '',
  `lang_author` varchar(255) COLLATE utf8_bin NOT NULL DEFAULT ''
) ENGINE=InnoDB DEFAULT CHARSET=utf8 COLLATE=utf8_bin;

--
-- Dumping data untuk tabel `phpbb_lang`
--

INSERT INTO `phpbb_lang` (`lang_id`, `lang_iso`, `lang_dir`, `lang_english_name`, `lang_local_name`, `lang_author`) VALUES
(1, 'en', 'en', 'British English', 'British English', 'phpBB Limited'),
(2, 'en', 'en', 'British English', 'British English', 'phpBB Limited');

-- --------------------------------------------------------

--
-- Struktur dari tabel `phpbb_log`
--

CREATE TABLE `phpbb_log` (
  `log_id` int(10) UNSIGNED NOT NULL,
  `log_type` tinyint(4) NOT NULL DEFAULT '0',
  `user_id` int(10) UNSIGNED NOT NULL DEFAULT '0',
  `forum_id` mediumint(8) UNSIGNED NOT NULL DEFAULT '0',
  `topic_id` int(10) UNSIGNED NOT NULL DEFAULT '0',
  `post_id` int(10) UNSIGNED NOT NULL DEFAULT '0',
  `reportee_id` int(10) UNSIGNED NOT NULL DEFAULT '0',
  `log_ip` varchar(40) COLLATE utf8_bin NOT NULL DEFAULT '',
  `log_time` int(11) UNSIGNED NOT NULL DEFAULT '0',
  `log_operation` text COLLATE utf8_bin NOT NULL,
  `log_data` mediumtext COLLATE utf8_bin NOT NULL
) ENGINE=InnoDB DEFAULT CHARSET=utf8 COLLATE=utf8_bin;

--
-- Dumping data untuk tabel `phpbb_log`
--

INSERT INTO `phpbb_log` (`log_id`, `log_type`, `user_id`, `forum_id`, `topic_id`, `post_id`, `reportee_id`, `log_ip`, `log_time`, `log_operation`, `log_data`) VALUES
(1, 2, 97, 0, 0, 0, 0, '::1', 1600788145, 'LOG_ERROR_EMAIL', 'a:1:{i:0;s:307:\"<strong>EMAIL/PHP/mail()</strong><br /><em>/phpBB3/ucp.php</em><br /><br />Errno 2: mail(): Failed to connect to mailserver at &quot;localhost&quot; port 25, verify your &quot;SMTP&quot; and &quot;smtp_port&quot; setting in php.ini or use ini_set() at [ROOT]/includes/functions_messenger.php line 1929<br />\";}'),
(2, 1, 2, 2, 1, 3, 0, '::1', 1600788883, 'LOG_POST_EDITED', 'a:3:{i:0;s:10:\"Re: Ayeeee\";i:1;s:7:\"ramdani\";i:2;s:0:\"\";}'),
(3, 0, 2, 0, 0, 0, 0, '::1', 1600790841, 'LOG_ADMIN_AUTH_SUCCESS', ''),
(4, 0, 2, 0, 0, 0, 0, '::1', 1600797628, 'LOG_ADMIN_AUTH_SUCCESS', ''),
(5, 0, 2, 0, 0, 0, 0, '::1', 1600799064, 'LOG_ADMIN_AUTH_SUCCESS', ''),
(6, 0, 2, 0, 0, 0, 0, '::1', 1600800173, 'LOG_ADMIN_AUTH_SUCCESS', ''),
(7, 0, 2, 0, 0, 0, 0, '::1', 1600870598, 'LOG_ADMIN_AUTH_SUCCESS', ''),
(8, 0, 2, 0, 0, 0, 0, '::1', 1600881272, 'LOG_ADMIN_AUTH_SUCCESS', ''),
(9, 0, 2, 0, 0, 0, 0, '::1', 1600936564, 'LOG_ADMIN_AUTH_SUCCESS', '');

-- --------------------------------------------------------

--
-- Struktur dari tabel `phpbb_login_attempts`
--

CREATE TABLE `phpbb_login_attempts` (
  `attempt_ip` varchar(40) COLLATE utf8_bin NOT NULL DEFAULT '',
  `attempt_browser` varchar(150) COLLATE utf8_bin NOT NULL DEFAULT '',
  `attempt_forwarded_for` varchar(255) COLLATE utf8_bin NOT NULL DEFAULT '',
  `attempt_time` int(11) UNSIGNED NOT NULL DEFAULT '0',
  `user_id` int(10) UNSIGNED NOT NULL DEFAULT '0',
  `username` varchar(255) COLLATE utf8_bin NOT NULL DEFAULT '0',
  `username_clean` varchar(255) COLLATE utf8_bin NOT NULL DEFAULT '0'
) ENGINE=InnoDB DEFAULT CHARSET=utf8 COLLATE=utf8_bin;

-- --------------------------------------------------------

--
-- Struktur dari tabel `phpbb_migrations`
--

CREATE TABLE `phpbb_migrations` (
  `migration_name` varchar(255) COLLATE utf8_bin NOT NULL DEFAULT '',
  `migration_depends_on` text COLLATE utf8_bin NOT NULL,
  `migration_schema_done` tinyint(1) UNSIGNED NOT NULL DEFAULT '0',
  `migration_data_done` tinyint(1) UNSIGNED NOT NULL DEFAULT '0',
  `migration_data_state` text COLLATE utf8_bin NOT NULL,
  `migration_start_time` int(11) UNSIGNED NOT NULL DEFAULT '0',
  `migration_end_time` int(11) UNSIGNED NOT NULL DEFAULT '0'
) ENGINE=InnoDB DEFAULT CHARSET=utf8 COLLATE=utf8_bin;

-- --------------------------------------------------------

--
-- Struktur dari tabel `phpbb_moderator_cache`
--

CREATE TABLE `phpbb_moderator_cache` (
  `forum_id` mediumint(8) UNSIGNED NOT NULL DEFAULT '0',
  `user_id` int(10) UNSIGNED NOT NULL DEFAULT '0',
  `username` varchar(255) COLLATE utf8_bin NOT NULL DEFAULT '',
  `group_id` mediumint(8) UNSIGNED NOT NULL DEFAULT '0',
  `group_name` varchar(255) COLLATE utf8_bin NOT NULL DEFAULT '',
  `display_on_index` tinyint(1) UNSIGNED NOT NULL DEFAULT '1'
) ENGINE=InnoDB DEFAULT CHARSET=utf8 COLLATE=utf8_bin;

-- --------------------------------------------------------

--
-- Struktur dari tabel `phpbb_modules`
--

CREATE TABLE `phpbb_modules` (
  `module_id` mediumint(8) UNSIGNED NOT NULL,
  `module_enabled` tinyint(1) UNSIGNED NOT NULL DEFAULT '1',
  `module_display` tinyint(1) UNSIGNED NOT NULL DEFAULT '1',
  `module_basename` varchar(255) COLLATE utf8_bin NOT NULL DEFAULT '',
  `module_class` varchar(10) COLLATE utf8_bin NOT NULL DEFAULT '',
  `parent_id` mediumint(8) UNSIGNED NOT NULL DEFAULT '0',
  `left_id` mediumint(8) UNSIGNED NOT NULL DEFAULT '0',
  `right_id` mediumint(8) UNSIGNED NOT NULL DEFAULT '0',
  `module_langname` varchar(255) COLLATE utf8_bin NOT NULL DEFAULT '',
  `module_mode` varchar(255) COLLATE utf8_bin NOT NULL DEFAULT '',
  `module_auth` varchar(255) COLLATE utf8_bin NOT NULL DEFAULT ''
) ENGINE=InnoDB DEFAULT CHARSET=utf8 COLLATE=utf8_bin;

--
-- Dumping data untuk tabel `phpbb_modules`
--

INSERT INTO `phpbb_modules` (`module_id`, `module_enabled`, `module_display`, `module_basename`, `module_class`, `parent_id`, `left_id`, `right_id`, `module_langname`, `module_mode`, `module_auth`) VALUES
(1, 1, 1, '', 'acp', 0, 1, 12, 'ACP_CAT_GENERAL', '', ''),
(2, 1, 1, '', 'acp', 1, 2, 3, 'ACP_QUICK_ACCESS', '', ''),
(3, 1, 1, '', 'acp', 1, 4, 7, 'ACP_BOARD_CONFIGURATION', '', ''),
(4, 1, 1, '', 'acp', 1, 8, 9, 'ACP_CLIENT_COMMUNICATION', '', ''),
(5, 1, 1, '', 'acp', 1, 10, 11, 'ACP_SERVER_CONFIGURATION', '', ''),
(6, 1, 1, '', 'acp', 0, 13, 18, 'ACP_CAT_FORUMS', '', ''),
(7, 1, 1, '', 'acp', 6, 14, 15, 'ACP_MANAGE_FORUMS', '', ''),
(8, 1, 1, '', 'acp', 6, 16, 17, 'ACP_FORUM_BASED_PERMISSIONS', '', ''),
(9, 1, 1, '', 'acp', 0, 19, 34, 'ACP_CAT_POSTING', '', ''),
(10, 1, 1, '', 'acp', 9, 20, 21, 'ACP_MESSAGES', '', ''),
(11, 1, 1, '', 'acp', 9, 22, 33, 'ACP_ATTACHMENTS', '', ''),
(12, 1, 1, '', 'acp', 0, 35, 42, 'ACP_CAT_USERGROUP', '', ''),
(13, 1, 1, '', 'acp', 12, 36, 37, 'ACP_CAT_USERS', '', ''),
(14, 1, 1, '', 'acp', 12, 38, 39, 'ACP_GROUPS', '', ''),
(15, 1, 1, '', 'acp', 12, 40, 41, 'ACP_USER_SECURITY', '', ''),
(16, 1, 1, '', 'acp', 0, 43, 52, 'ACP_CAT_PERMISSIONS', '', ''),
(17, 1, 1, '', 'acp', 16, 44, 45, 'ACP_GLOBAL_PERMISSIONS', '', ''),
(18, 1, 1, '', 'acp', 16, 46, 47, 'ACP_FORUM_BASED_PERMISSIONS', '', ''),
(19, 1, 1, '', 'acp', 16, 48, 49, 'ACP_PERMISSION_ROLES', '', ''),
(20, 1, 1, '', 'acp', 16, 50, 51, 'ACP_PERMISSION_MASKS', '', ''),
(21, 1, 1, '', 'acp', 0, 53, 60, 'ACP_CAT_CUSTOMISE', '', ''),
(22, 1, 1, '', 'acp', 21, 54, 55, 'ACP_STYLE_MANAGEMENT', '', ''),
(23, 1, 1, '', 'acp', 21, 56, 57, 'ACP_EXTENSION_MANAGEMENT', '', ''),
(24, 1, 1, '', 'acp', 21, 58, 59, 'ACP_LANGUAGE', '', ''),
(25, 1, 1, '', 'acp', 0, 61, 66, 'ACP_CAT_MAINTENANCE', '', ''),
(26, 1, 1, '', 'acp', 25, 62, 63, 'ACP_FORUM_LOGS', '', ''),
(27, 1, 1, '', 'acp', 25, 64, 65, 'ACP_CAT_DATABASE', '', ''),
(28, 1, 1, '', 'acp', 0, 67, 74, 'ACP_CAT_SYSTEM', '', ''),
(29, 1, 1, '', 'acp', 28, 68, 69, 'ACP_AUTOMATION', '', ''),
(30, 1, 1, '', 'acp', 28, 70, 71, 'ACP_GENERAL_TASKS', '', ''),
(31, 1, 1, '', 'acp', 28, 72, 73, 'ACP_MODULE_MANAGEMENT', '', ''),
(32, 1, 1, '', 'acp', 0, 75, 76, 'ACP_CAT_DOT_MODS', '', ''),
(33, 1, 1, 'acp_attachments', 'acp', 3, 5, 6, 'ACP_ATTACHMENT_SETTINGS', 'attach', 'acl_a_attach'),
(34, 1, 1, 'acp_attachments', 'acp', 11, 23, 24, 'ACP_ATTACHMENT_SETTINGS', 'attach', 'acl_a_attach'),
(35, 1, 1, 'acp_attachments', 'acp', 11, 25, 26, 'ACP_MANAGE_EXTENSIONS', 'extensions', 'acl_a_attach'),
(36, 1, 1, 'acp_attachments', 'acp', 11, 27, 28, 'ACP_EXTENSION_GROUPS', 'ext_groups', 'acl_a_attach'),
(37, 1, 1, 'acp_attachments', 'acp', 11, 29, 30, 'ACP_ORPHAN_ATTACHMENTS', 'orphan', 'acl_a_attach'),
(38, 1, 1, 'acp_attachments', 'acp', 11, 31, 32, 'ACP_MANAGE_ATTACHMENTS', 'manage', 'acl_a_attach'),
(39, 1, 1, '', 'acp', 0, 77, 88, 'ACP_CAT_GENERAL', '', ''),
(40, 1, 1, '', 'acp', 39, 78, 79, 'ACP_QUICK_ACCESS', '', ''),
(41, 1, 1, '', 'acp', 39, 80, 83, 'ACP_BOARD_CONFIGURATION', '', ''),
(42, 1, 1, '', 'acp', 39, 84, 85, 'ACP_CLIENT_COMMUNICATION', '', ''),
(43, 1, 1, '', 'acp', 39, 86, 87, 'ACP_SERVER_CONFIGURATION', '', ''),
(44, 1, 1, '', 'acp', 0, 89, 94, 'ACP_CAT_FORUMS', '', ''),
(45, 1, 1, '', 'acp', 44, 90, 91, 'ACP_MANAGE_FORUMS', '', ''),
(46, 1, 1, '', 'acp', 44, 92, 93, 'ACP_FORUM_BASED_PERMISSIONS', '', ''),
(47, 1, 1, '', 'acp', 0, 95, 110, 'ACP_CAT_POSTING', '', ''),
(48, 1, 1, '', 'acp', 47, 96, 97, 'ACP_MESSAGES', '', ''),
(49, 1, 1, '', 'acp', 47, 98, 109, 'ACP_ATTACHMENTS', '', ''),
(50, 1, 1, '', 'acp', 0, 111, 118, 'ACP_CAT_USERGROUP', '', ''),
(51, 1, 1, '', 'acp', 50, 112, 113, 'ACP_CAT_USERS', '', ''),
(52, 1, 1, '', 'acp', 50, 114, 115, 'ACP_GROUPS', '', ''),
(53, 1, 1, '', 'acp', 50, 116, 117, 'ACP_USER_SECURITY', '', ''),
(54, 1, 1, '', 'acp', 0, 119, 128, 'ACP_CAT_PERMISSIONS', '', ''),
(55, 1, 1, '', 'acp', 54, 120, 121, 'ACP_GLOBAL_PERMISSIONS', '', ''),
(56, 1, 1, '', 'acp', 54, 122, 123, 'ACP_FORUM_BASED_PERMISSIONS', '', ''),
(57, 1, 1, '', 'acp', 54, 124, 125, 'ACP_PERMISSION_ROLES', '', ''),
(58, 1, 1, '', 'acp', 54, 126, 127, 'ACP_PERMISSION_MASKS', '', ''),
(59, 1, 1, '', 'acp', 0, 129, 136, 'ACP_CAT_CUSTOMISE', '', ''),
(60, 1, 1, '', 'acp', 59, 130, 131, 'ACP_STYLE_MANAGEMENT', '', ''),
(61, 1, 1, '', 'acp', 59, 132, 133, 'ACP_EXTENSION_MANAGEMENT', '', ''),
(62, 1, 1, '', 'acp', 59, 134, 135, 'ACP_LANGUAGE', '', ''),
(63, 1, 1, '', 'acp', 0, 137, 142, 'ACP_CAT_MAINTENANCE', '', ''),
(64, 1, 1, '', 'acp', 63, 138, 139, 'ACP_FORUM_LOGS', '', ''),
(65, 1, 1, '', 'acp', 63, 140, 141, 'ACP_CAT_DATABASE', '', ''),
(66, 1, 1, '', 'acp', 0, 143, 150, 'ACP_CAT_SYSTEM', '', ''),
(67, 1, 1, '', 'acp', 66, 144, 145, 'ACP_AUTOMATION', '', ''),
(68, 1, 1, '', 'acp', 66, 146, 147, 'ACP_GENERAL_TASKS', '', ''),
(69, 1, 1, '', 'acp', 66, 148, 149, 'ACP_MODULE_MANAGEMENT', '', ''),
(70, 1, 1, '', 'acp', 0, 151, 152, 'ACP_CAT_DOT_MODS', '', ''),
(71, 1, 1, 'acp_attachments', 'acp', 41, 81, 82, 'ACP_ATTACHMENT_SETTINGS', 'attach', 'acl_a_attach'),
(72, 1, 1, 'acp_attachments', 'acp', 49, 99, 100, 'ACP_ATTACHMENT_SETTINGS', 'attach', 'acl_a_attach'),
(73, 1, 1, 'acp_attachments', 'acp', 49, 101, 102, 'ACP_MANAGE_EXTENSIONS', 'extensions', 'acl_a_attach'),
(74, 1, 1, 'acp_attachments', 'acp', 49, 103, 104, 'ACP_EXTENSION_GROUPS', 'ext_groups', 'acl_a_attach'),
(75, 1, 1, 'acp_attachments', 'acp', 49, 105, 106, 'ACP_ORPHAN_ATTACHMENTS', 'orphan', 'acl_a_attach'),
(76, 1, 1, 'acp_attachments', 'acp', 49, 107, 108, 'ACP_MANAGE_ATTACHMENTS', 'manage', 'acl_a_attach');

-- --------------------------------------------------------

--
-- Struktur dari tabel `phpbb_notifications`
--

CREATE TABLE `phpbb_notifications` (
  `notification_id` int(10) UNSIGNED NOT NULL,
  `notification_type_id` smallint(4) UNSIGNED NOT NULL DEFAULT '0',
  `item_id` mediumint(8) UNSIGNED NOT NULL DEFAULT '0',
  `item_parent_id` mediumint(8) UNSIGNED NOT NULL DEFAULT '0',
  `user_id` int(10) UNSIGNED NOT NULL DEFAULT '0',
  `notification_read` tinyint(1) UNSIGNED NOT NULL DEFAULT '0',
  `notification_time` int(11) UNSIGNED NOT NULL DEFAULT '1',
  `notification_data` text COLLATE utf8_bin NOT NULL
) ENGINE=InnoDB DEFAULT CHARSET=utf8 COLLATE=utf8_bin;

--
-- Dumping data untuk tabel `phpbb_notifications`
--

INSERT INTO `phpbb_notifications` (`notification_id`, `notification_type_id`, `item_id`, `item_parent_id`, `user_id`, `notification_read`, `notification_time`, `notification_data`) VALUES
(1, 7, 3, 1, 2, 1, 1600788834, 'a:6:{s:9:\"poster_id\";i:97;s:11:\"topic_title\";s:6:\"Ayeeee\";s:12:\"post_subject\";s:10:\"Re: Ayeeee\";s:13:\"post_username\";s:0:\"\";s:8:\"forum_id\";i:2;s:10:\"forum_name\";s:16:\"Your first forum\";}'),
(2, 7, 4, 1, 2, 1, 1600788907, 'a:6:{s:9:\"poster_id\";i:97;s:11:\"topic_title\";s:6:\"Ayeeee\";s:12:\"post_subject\";s:10:\"Re: Ayeeee\";s:13:\"post_username\";s:0:\"\";s:8:\"forum_id\";i:2;s:10:\"forum_name\";s:16:\"Your first forum\";}');

-- --------------------------------------------------------

--
-- Struktur dari tabel `phpbb_notification_emails`
--

CREATE TABLE `phpbb_notification_emails` (
  `notification_type_id` smallint(4) UNSIGNED NOT NULL DEFAULT '0',
  `item_id` int(10) UNSIGNED NOT NULL DEFAULT '0',
  `item_parent_id` int(10) UNSIGNED NOT NULL DEFAULT '0',
  `user_id` int(10) UNSIGNED NOT NULL DEFAULT '0'
) ENGINE=InnoDB DEFAULT CHARSET=utf8 COLLATE=utf8_bin;

-- --------------------------------------------------------

--
-- Struktur dari tabel `phpbb_notification_types`
--

CREATE TABLE `phpbb_notification_types` (
  `notification_type_id` smallint(4) UNSIGNED NOT NULL,
  `notification_type_name` varchar(255) COLLATE utf8_bin NOT NULL DEFAULT '',
  `notification_type_enabled` tinyint(1) UNSIGNED NOT NULL DEFAULT '1'
) ENGINE=InnoDB DEFAULT CHARSET=utf8 COLLATE=utf8_bin;

--
-- Dumping data untuk tabel `phpbb_notification_types`
--

INSERT INTO `phpbb_notification_types` (`notification_type_id`, `notification_type_name`, `notification_type_enabled`) VALUES
(1, 'notification.type.topic', 1),
(2, 'notification.type.quote', 1),
(3, 'notification.type.bookmark', 1),
(4, 'notification.type.post', 1),
(5, 'notification.type.approve_topic', 1),
(6, 'notification.type.approve_post', 1),
(7, 'notification.type.post_in_queue', 1);

-- --------------------------------------------------------

--
-- Struktur dari tabel `phpbb_oauth_accounts`
--

CREATE TABLE `phpbb_oauth_accounts` (
  `user_id` int(10) UNSIGNED NOT NULL DEFAULT '0',
  `provider` varchar(255) COLLATE utf8_bin NOT NULL DEFAULT '',
  `oauth_provider_id` text COLLATE utf8_bin NOT NULL
) ENGINE=InnoDB DEFAULT CHARSET=utf8 COLLATE=utf8_bin;

-- --------------------------------------------------------

--
-- Struktur dari tabel `phpbb_oauth_states`
--

CREATE TABLE `phpbb_oauth_states` (
  `user_id` int(10) UNSIGNED NOT NULL DEFAULT '0',
  `session_id` char(32) COLLATE utf8_bin NOT NULL DEFAULT '',
  `provider` varchar(255) COLLATE utf8_bin NOT NULL DEFAULT '',
  `oauth_state` varchar(255) COLLATE utf8_bin NOT NULL DEFAULT ''
) ENGINE=InnoDB DEFAULT CHARSET=utf8 COLLATE=utf8_bin;

-- --------------------------------------------------------

--
-- Struktur dari tabel `phpbb_oauth_tokens`
--

CREATE TABLE `phpbb_oauth_tokens` (
  `user_id` int(10) UNSIGNED NOT NULL DEFAULT '0',
  `session_id` char(32) COLLATE utf8_bin NOT NULL DEFAULT '',
  `provider` varchar(255) COLLATE utf8_bin NOT NULL DEFAULT '',
  `oauth_token` mediumtext COLLATE utf8_bin NOT NULL
) ENGINE=InnoDB DEFAULT CHARSET=utf8 COLLATE=utf8_bin;

-- --------------------------------------------------------

--
-- Struktur dari tabel `phpbb_poll_options`
--

CREATE TABLE `phpbb_poll_options` (
  `poll_option_id` tinyint(4) NOT NULL DEFAULT '0',
  `topic_id` int(10) UNSIGNED NOT NULL DEFAULT '0',
  `poll_option_text` text COLLATE utf8_bin NOT NULL,
  `poll_option_total` mediumint(8) UNSIGNED NOT NULL DEFAULT '0'
) ENGINE=InnoDB DEFAULT CHARSET=utf8 COLLATE=utf8_bin;

-- --------------------------------------------------------

--
-- Struktur dari tabel `phpbb_poll_votes`
--

CREATE TABLE `phpbb_poll_votes` (
  `topic_id` int(10) UNSIGNED NOT NULL DEFAULT '0',
  `poll_option_id` tinyint(4) NOT NULL DEFAULT '0',
  `vote_user_id` int(10) UNSIGNED NOT NULL DEFAULT '0',
  `vote_user_ip` varchar(40) COLLATE utf8_bin NOT NULL DEFAULT ''
) ENGINE=InnoDB DEFAULT CHARSET=utf8 COLLATE=utf8_bin;

-- --------------------------------------------------------

--
-- Struktur dari tabel `phpbb_posts`
--

CREATE TABLE `phpbb_posts` (
  `post_id` int(10) UNSIGNED NOT NULL,
  `topic_id` int(10) UNSIGNED NOT NULL DEFAULT '0',
  `forum_id` mediumint(8) UNSIGNED NOT NULL DEFAULT '0',
  `poster_id` int(10) UNSIGNED NOT NULL DEFAULT '0',
  `icon_id` mediumint(8) UNSIGNED NOT NULL DEFAULT '0',
  `poster_ip` varchar(40) COLLATE utf8_bin NOT NULL DEFAULT '',
  `post_time` int(11) UNSIGNED NOT NULL DEFAULT '0',
  `post_reported` tinyint(1) UNSIGNED NOT NULL DEFAULT '0',
  `enable_bbcode` tinyint(1) UNSIGNED NOT NULL DEFAULT '1',
  `enable_smilies` tinyint(1) UNSIGNED NOT NULL DEFAULT '1',
  `enable_magic_url` tinyint(1) UNSIGNED NOT NULL DEFAULT '1',
  `enable_sig` tinyint(1) UNSIGNED NOT NULL DEFAULT '1',
  `post_username` varchar(255) COLLATE utf8_bin NOT NULL DEFAULT '',
  `post_subject` varchar(255) CHARACTER SET utf8 COLLATE utf8_unicode_ci NOT NULL DEFAULT '',
  `post_text` mediumtext COLLATE utf8_bin NOT NULL,
  `post_checksum` varchar(32) COLLATE utf8_bin NOT NULL DEFAULT '',
  `post_attachment` tinyint(1) UNSIGNED NOT NULL DEFAULT '0',
  `bbcode_bitfield` varchar(255) COLLATE utf8_bin NOT NULL DEFAULT '',
  `bbcode_uid` varchar(8) COLLATE utf8_bin NOT NULL DEFAULT '',
  `post_postcount` tinyint(1) UNSIGNED NOT NULL DEFAULT '1',
  `post_edit_time` int(11) UNSIGNED NOT NULL DEFAULT '0',
  `post_edit_reason` varchar(255) COLLATE utf8_bin NOT NULL DEFAULT '',
  `post_edit_user` int(10) UNSIGNED NOT NULL DEFAULT '0',
  `post_edit_count` smallint(4) UNSIGNED NOT NULL DEFAULT '0',
  `post_edit_locked` tinyint(1) UNSIGNED NOT NULL DEFAULT '0',
  `post_visibility` tinyint(3) NOT NULL DEFAULT '0',
  `post_delete_time` int(11) UNSIGNED NOT NULL DEFAULT '0',
  `post_delete_reason` varchar(255) COLLATE utf8_bin NOT NULL DEFAULT '',
  `post_delete_user` int(10) UNSIGNED NOT NULL DEFAULT '0'
) ENGINE=InnoDB DEFAULT CHARSET=utf8 COLLATE=utf8_bin;

--
-- Dumping data untuk tabel `phpbb_posts`
--

INSERT INTO `phpbb_posts` (`post_id`, `topic_id`, `forum_id`, `poster_id`, `icon_id`, `poster_ip`, `post_time`, `post_reported`, `enable_bbcode`, `enable_smilies`, `enable_magic_url`, `enable_sig`, `post_username`, `post_subject`, `post_text`, `post_checksum`, `post_attachment`, `bbcode_bitfield`, `bbcode_uid`, `post_postcount`, `post_edit_time`, `post_edit_reason`, `post_edit_user`, `post_edit_count`, `post_edit_locked`, `post_visibility`, `post_delete_time`, `post_delete_reason`, `post_delete_user`) VALUES
(1, 1, 2, 2, 0, '::1', 1600787696, 0, 1, 1, 1, 1, '', 'Welcome to phpBB3', '<t>Aku tampan!</t>', '96fda92f02855fa1d116a6ab1e68857f', 0, '', '36t2d', 1, 0, '', 0, 0, 0, 1, 0, '', 0),
(2, 1, 2, 2, 0, '::1', 1600787696, 0, 1, 1, 1, 1, '', 'Ayeeee', '<t>Wuyyy</t>', '570a79cf3b3200f1236aba1f6f7034dc', 0, '', '5kb7', 1, 0, '', 0, 0, 0, 1, 0, '', 0),
(3, 1, 2, 97, 0, '::1', 1600788834, 0, 1, 1, 1, 1, '', 'Re: Ayeeee', '<r><QUOTE author=\"pakkem\" post_id=\"2\" time=\"1600787696\" user_id=\"2\"><s>[quote=pakkem post_id=2 time=1600787696 user_id=2]</s>Wuyyy<e>[/quote]</e></QUOTE>\n\nApa Cuy.<br/>\n<br/>\nga cuy</r>', 'bf70840cd0a0659911b20f2569a1b188', 0, '', '6e4yv', 1, 0, '', 0, 0, 0, 0, 0, '', 0),
(4, 1, 2, 97, 0, '::1', 1600788907, 0, 1, 1, 1, 1, '', 'Re: Ayeeee', '<t>coba yha</t>', '7a2a6f46fc042210725dbf65957514ed', 0, '', '2cq1fo', 1, 1600789101, '', 97, 1, 0, 3, 1600789101, '', 97);

-- --------------------------------------------------------

--
-- Struktur dari tabel `phpbb_privmsgs`
--

CREATE TABLE `phpbb_privmsgs` (
  `msg_id` int(10) UNSIGNED NOT NULL,
  `root_level` mediumint(8) UNSIGNED NOT NULL DEFAULT '0',
  `author_id` int(10) UNSIGNED NOT NULL DEFAULT '0',
  `icon_id` mediumint(8) UNSIGNED NOT NULL DEFAULT '0',
  `author_ip` varchar(40) COLLATE utf8_bin NOT NULL DEFAULT '',
  `message_time` int(11) UNSIGNED NOT NULL DEFAULT '0',
  `enable_bbcode` tinyint(1) UNSIGNED NOT NULL DEFAULT '1',
  `enable_smilies` tinyint(1) UNSIGNED NOT NULL DEFAULT '1',
  `enable_magic_url` tinyint(1) UNSIGNED NOT NULL DEFAULT '1',
  `enable_sig` tinyint(1) UNSIGNED NOT NULL DEFAULT '1',
  `message_subject` varchar(255) COLLATE utf8_bin NOT NULL DEFAULT '',
  `message_text` mediumtext COLLATE utf8_bin NOT NULL,
  `message_edit_reason` varchar(255) COLLATE utf8_bin NOT NULL DEFAULT '',
  `message_edit_user` int(10) UNSIGNED NOT NULL DEFAULT '0',
  `message_attachment` tinyint(1) UNSIGNED NOT NULL DEFAULT '0',
  `bbcode_bitfield` varchar(255) COLLATE utf8_bin NOT NULL DEFAULT '',
  `bbcode_uid` varchar(8) COLLATE utf8_bin NOT NULL DEFAULT '',
  `message_edit_time` int(11) UNSIGNED NOT NULL DEFAULT '0',
  `message_edit_count` smallint(4) UNSIGNED NOT NULL DEFAULT '0',
  `to_address` text COLLATE utf8_bin NOT NULL,
  `bcc_address` text COLLATE utf8_bin NOT NULL,
  `message_reported` tinyint(1) UNSIGNED NOT NULL DEFAULT '0'
) ENGINE=InnoDB DEFAULT CHARSET=utf8 COLLATE=utf8_bin;

-- --------------------------------------------------------

--
-- Struktur dari tabel `phpbb_privmsgs_folder`
--

CREATE TABLE `phpbb_privmsgs_folder` (
  `folder_id` mediumint(8) UNSIGNED NOT NULL,
  `user_id` int(10) UNSIGNED NOT NULL DEFAULT '0',
  `folder_name` varchar(255) COLLATE utf8_bin NOT NULL DEFAULT '',
  `pm_count` mediumint(8) UNSIGNED NOT NULL DEFAULT '0'
) ENGINE=InnoDB DEFAULT CHARSET=utf8 COLLATE=utf8_bin;

-- --------------------------------------------------------

--
-- Struktur dari tabel `phpbb_privmsgs_rules`
--

CREATE TABLE `phpbb_privmsgs_rules` (
  `rule_id` mediumint(8) UNSIGNED NOT NULL,
  `user_id` int(10) UNSIGNED NOT NULL DEFAULT '0',
  `rule_check` mediumint(8) UNSIGNED NOT NULL DEFAULT '0',
  `rule_connection` mediumint(8) UNSIGNED NOT NULL DEFAULT '0',
  `rule_string` varchar(255) COLLATE utf8_bin NOT NULL DEFAULT '',
  `rule_user_id` int(10) UNSIGNED NOT NULL DEFAULT '0',
  `rule_group_id` mediumint(8) UNSIGNED NOT NULL DEFAULT '0',
  `rule_action` mediumint(8) UNSIGNED NOT NULL DEFAULT '0',
  `rule_folder_id` int(11) NOT NULL DEFAULT '0'
) ENGINE=InnoDB DEFAULT CHARSET=utf8 COLLATE=utf8_bin;

-- --------------------------------------------------------

--
-- Struktur dari tabel `phpbb_privmsgs_to`
--

CREATE TABLE `phpbb_privmsgs_to` (
  `msg_id` int(10) UNSIGNED NOT NULL DEFAULT '0',
  `user_id` int(10) UNSIGNED NOT NULL DEFAULT '0',
  `author_id` int(10) UNSIGNED NOT NULL DEFAULT '0',
  `pm_deleted` tinyint(1) UNSIGNED NOT NULL DEFAULT '0',
  `pm_new` tinyint(1) UNSIGNED NOT NULL DEFAULT '1',
  `pm_unread` tinyint(1) UNSIGNED NOT NULL DEFAULT '1',
  `pm_replied` tinyint(1) UNSIGNED NOT NULL DEFAULT '0',
  `pm_marked` tinyint(1) UNSIGNED NOT NULL DEFAULT '0',
  `pm_forwarded` tinyint(1) UNSIGNED NOT NULL DEFAULT '0',
  `folder_id` int(11) NOT NULL DEFAULT '0'
) ENGINE=InnoDB DEFAULT CHARSET=utf8 COLLATE=utf8_bin;

-- --------------------------------------------------------

--
-- Struktur dari tabel `phpbb_profile_fields`
--

CREATE TABLE `phpbb_profile_fields` (
  `field_id` mediumint(8) UNSIGNED NOT NULL,
  `field_name` varchar(255) COLLATE utf8_bin NOT NULL DEFAULT '',
  `field_type` varchar(100) COLLATE utf8_bin NOT NULL DEFAULT '',
  `field_ident` varchar(20) COLLATE utf8_bin NOT NULL DEFAULT '',
  `field_length` varchar(20) COLLATE utf8_bin NOT NULL DEFAULT '',
  `field_minlen` varchar(255) COLLATE utf8_bin NOT NULL DEFAULT '',
  `field_maxlen` varchar(255) COLLATE utf8_bin NOT NULL DEFAULT '',
  `field_novalue` varchar(255) COLLATE utf8_bin NOT NULL DEFAULT '',
  `field_default_value` varchar(255) COLLATE utf8_bin NOT NULL DEFAULT '',
  `field_validation` varchar(64) COLLATE utf8_bin NOT NULL DEFAULT '',
  `field_required` tinyint(1) UNSIGNED NOT NULL DEFAULT '0',
  `field_show_on_reg` tinyint(1) UNSIGNED NOT NULL DEFAULT '0',
  `field_hide` tinyint(1) UNSIGNED NOT NULL DEFAULT '0',
  `field_no_view` tinyint(1) UNSIGNED NOT NULL DEFAULT '0',
  `field_active` tinyint(1) UNSIGNED NOT NULL DEFAULT '0',
  `field_order` mediumint(8) UNSIGNED NOT NULL DEFAULT '0',
  `field_show_profile` tinyint(1) UNSIGNED NOT NULL DEFAULT '0',
  `field_show_on_vt` tinyint(1) UNSIGNED NOT NULL DEFAULT '0',
  `field_show_novalue` tinyint(1) UNSIGNED NOT NULL DEFAULT '0',
  `field_show_on_pm` tinyint(1) UNSIGNED NOT NULL DEFAULT '0',
  `field_show_on_ml` tinyint(1) UNSIGNED NOT NULL DEFAULT '0',
  `field_is_contact` tinyint(1) UNSIGNED NOT NULL DEFAULT '0',
  `field_contact_desc` varchar(255) COLLATE utf8_bin NOT NULL DEFAULT '',
  `field_contact_url` varchar(255) COLLATE utf8_bin NOT NULL DEFAULT ''
) ENGINE=InnoDB DEFAULT CHARSET=utf8 COLLATE=utf8_bin;

--
-- Dumping data untuk tabel `phpbb_profile_fields`
--

INSERT INTO `phpbb_profile_fields` (`field_id`, `field_name`, `field_type`, `field_ident`, `field_length`, `field_minlen`, `field_maxlen`, `field_novalue`, `field_default_value`, `field_validation`, `field_required`, `field_show_on_reg`, `field_hide`, `field_no_view`, `field_active`, `field_order`, `field_show_profile`, `field_show_on_vt`, `field_show_novalue`, `field_show_on_pm`, `field_show_on_ml`, `field_is_contact`, `field_contact_desc`, `field_contact_url`) VALUES
(1, 'phpbb_location', 'profilefields.type.string', 'phpbb_location', '20', '2', '100', '', '', '.*', 0, 0, 0, 0, 1, 1, 1, 1, 0, 1, 1, 0, '', ''),
(2, 'phpbb_website', 'profilefields.type.url', 'phpbb_website', '40', '12', '255', '', '', '', 0, 0, 0, 0, 1, 2, 1, 1, 0, 1, 1, 1, 'VISIT_WEBSITE', '%s'),
(3, 'phpbb_interests', 'profilefields.type.text', 'phpbb_interests', '3|30', '2', '500', '', '', '.*', 0, 0, 0, 0, 0, 3, 1, 0, 0, 0, 0, 0, '', ''),
(4, 'phpbb_occupation', 'profilefields.type.text', 'phpbb_occupation', '3|30', '2', '500', '', '', '.*', 0, 0, 0, 0, 0, 4, 1, 0, 0, 0, 0, 0, '', ''),
(5, 'phpbb_aol', 'profilefields.type.string', 'phpbb_aol', '40', '5', '255', '', '', '.*', 0, 0, 0, 0, 0, 5, 1, 1, 0, 1, 1, 1, '', ''),
(6, 'phpbb_icq', 'profilefields.type.string', 'phpbb_icq', '20', '3', '15', '', '', '[0-9]+', 0, 0, 0, 0, 0, 6, 1, 1, 0, 1, 1, 1, 'SEND_ICQ_MESSAGE', 'https://www.icq.com/people/%s/'),
(7, 'phpbb_yahoo', 'profilefields.type.string', 'phpbb_yahoo', '40', '5', '255', '', '', '.*', 0, 0, 0, 0, 0, 8, 1, 1, 0, 1, 1, 1, 'SEND_YIM_MESSAGE', 'ymsgr:sendim?%s'),
(8, 'phpbb_facebook', 'profilefields.type.string', 'phpbb_facebook', '20', '5', '50', '', '', '[\\w.]+', 0, 0, 0, 0, 1, 9, 1, 1, 0, 1, 1, 1, 'VIEW_FACEBOOK_PROFILE', 'http://facebook.com/%s/'),
(9, 'phpbb_twitter', 'profilefields.type.string', 'phpbb_twitter', '20', '1', '15', '', '', '[\\w_]+', 0, 0, 0, 0, 1, 10, 1, 1, 0, 1, 1, 1, 'VIEW_TWITTER_PROFILE', 'http://twitter.com/%s'),
(10, 'phpbb_skype', 'profilefields.type.string', 'phpbb_skype', '20', '6', '32', '', '', '[a-zA-Z][\\w\\.,\\-_]+', 0, 0, 0, 0, 1, 11, 1, 1, 0, 1, 1, 1, 'VIEW_SKYPE_PROFILE', 'skype:%s?userinfo'),
(11, 'phpbb_youtube', 'profilefields.type.string', 'phpbb_youtube', '20', '3', '60', '', '', '[a-zA-Z][\\w\\.,\\-_]+', 0, 0, 0, 0, 1, 12, 1, 1, 0, 1, 1, 1, 'VIEW_YOUTUBE_CHANNEL', 'http://youtube.com/user/%s'),
(12, 'phpbb_location', 'profilefields.type.string', 'phpbb_location', '20', '2', '100', '', '', '.*', 0, 0, 0, 0, 1, 1, 1, 1, 0, 1, 1, 0, '', ''),
(13, 'phpbb_website', 'profilefields.type.url', 'phpbb_website', '40', '12', '255', '', '', '', 0, 0, 0, 0, 1, 2, 1, 1, 0, 1, 1, 1, 'VISIT_WEBSITE', '%s'),
(14, 'phpbb_interests', 'profilefields.type.text', 'phpbb_interests', '3|30', '2', '500', '', '', '.*', 0, 0, 0, 0, 0, 3, 1, 0, 0, 0, 0, 0, '', ''),
(15, 'phpbb_occupation', 'profilefields.type.text', 'phpbb_occupation', '3|30', '2', '500', '', '', '.*', 0, 0, 0, 0, 0, 4, 1, 0, 0, 0, 0, 0, '', ''),
(16, 'phpbb_aol', 'profilefields.type.string', 'phpbb_aol', '40', '5', '255', '', '', '.*', 0, 0, 0, 0, 0, 5, 1, 1, 0, 1, 1, 1, '', ''),
(17, 'phpbb_icq', 'profilefields.type.string', 'phpbb_icq', '20', '3', '15', '', '', '[0-9]+', 0, 0, 0, 0, 0, 6, 1, 1, 0, 1, 1, 1, 'SEND_ICQ_MESSAGE', 'https://www.icq.com/people/%s/'),
(18, 'phpbb_yahoo', 'profilefields.type.string', 'phpbb_yahoo', '40', '5', '255', '', '', '.*', 0, 0, 0, 0, 0, 8, 1, 1, 0, 1, 1, 1, 'SEND_YIM_MESSAGE', 'ymsgr:sendim?%s'),
(19, 'phpbb_facebook', 'profilefields.type.string', 'phpbb_facebook', '20', '5', '50', '', '', '[\\w.]+', 0, 0, 0, 0, 1, 9, 1, 1, 0, 1, 1, 1, 'VIEW_FACEBOOK_PROFILE', 'http://facebook.com/%s/'),
(20, 'phpbb_twitter', 'profilefields.type.string', 'phpbb_twitter', '20', '1', '15', '', '', '[\\w_]+', 0, 0, 0, 0, 1, 10, 1, 1, 0, 1, 1, 1, 'VIEW_TWITTER_PROFILE', 'http://twitter.com/%s'),
(21, 'phpbb_skype', 'profilefields.type.string', 'phpbb_skype', '20', '6', '32', '', '', '[a-zA-Z][\\w\\.,\\-_]+', 0, 0, 0, 0, 1, 11, 1, 1, 0, 1, 1, 1, 'VIEW_SKYPE_PROFILE', 'skype:%s?userinfo'),
(22, 'phpbb_youtube', 'profilefields.type.string', 'phpbb_youtube', '20', '3', '60', '', '', '[a-zA-Z][\\w\\.,\\-_]+', 0, 0, 0, 0, 1, 12, 1, 1, 0, 1, 1, 1, 'VIEW_YOUTUBE_CHANNEL', 'http://youtube.com/user/%s');

-- --------------------------------------------------------

--
-- Struktur dari tabel `phpbb_profile_fields_data`
--

CREATE TABLE `phpbb_profile_fields_data` (
  `user_id` int(10) UNSIGNED NOT NULL DEFAULT '0',
  `pf_phpbb_interests` mediumtext COLLATE utf8_bin NOT NULL,
  `pf_phpbb_occupation` mediumtext COLLATE utf8_bin NOT NULL,
  `pf_phpbb_location` varchar(255) COLLATE utf8_bin NOT NULL DEFAULT '',
  `pf_phpbb_youtube` varchar(255) COLLATE utf8_bin NOT NULL DEFAULT '',
  `pf_phpbb_facebook` varchar(255) COLLATE utf8_bin NOT NULL DEFAULT '',
  `pf_phpbb_icq` varchar(255) COLLATE utf8_bin NOT NULL DEFAULT '',
  `pf_phpbb_skype` varchar(255) COLLATE utf8_bin NOT NULL DEFAULT '',
  `pf_phpbb_twitter` varchar(255) COLLATE utf8_bin NOT NULL DEFAULT '',
  `pf_phpbb_website` varchar(255) COLLATE utf8_bin NOT NULL DEFAULT '',
  `pf_phpbb_yahoo` varchar(255) COLLATE utf8_bin NOT NULL DEFAULT '',
  `pf_phpbb_aol` varchar(255) COLLATE utf8_bin NOT NULL DEFAULT ''
) ENGINE=InnoDB DEFAULT CHARSET=utf8 COLLATE=utf8_bin;

-- --------------------------------------------------------

--
-- Struktur dari tabel `phpbb_profile_fields_lang`
--

CREATE TABLE `phpbb_profile_fields_lang` (
  `field_id` mediumint(8) UNSIGNED NOT NULL DEFAULT '0',
  `lang_id` mediumint(8) UNSIGNED NOT NULL DEFAULT '0',
  `option_id` mediumint(8) UNSIGNED NOT NULL DEFAULT '0',
  `field_type` varchar(100) COLLATE utf8_bin NOT NULL DEFAULT '',
  `lang_value` varchar(255) COLLATE utf8_bin NOT NULL DEFAULT ''
) ENGINE=InnoDB DEFAULT CHARSET=utf8 COLLATE=utf8_bin;

-- --------------------------------------------------------

--
-- Struktur dari tabel `phpbb_profile_lang`
--

CREATE TABLE `phpbb_profile_lang` (
  `field_id` mediumint(8) UNSIGNED NOT NULL DEFAULT '0',
  `lang_id` mediumint(8) UNSIGNED NOT NULL DEFAULT '0',
  `lang_name` varchar(255) COLLATE utf8_bin NOT NULL DEFAULT '',
  `lang_explain` text COLLATE utf8_bin NOT NULL,
  `lang_default_value` varchar(255) COLLATE utf8_bin NOT NULL DEFAULT ''
) ENGINE=InnoDB DEFAULT CHARSET=utf8 COLLATE=utf8_bin;

--
-- Dumping data untuk tabel `phpbb_profile_lang`
--

INSERT INTO `phpbb_profile_lang` (`field_id`, `lang_id`, `lang_name`, `lang_explain`, `lang_default_value`) VALUES
(1, 1, 'LOCATION', '', ''),
(1, 2, 'LOCATION', '', ''),
(2, 1, 'WEBSITE', '', ''),
(2, 2, 'WEBSITE', '', ''),
(3, 1, 'INTERESTS', '', ''),
(3, 2, 'INTERESTS', '', ''),
(4, 1, 'OCCUPATION', '', ''),
(4, 2, 'OCCUPATION', '', ''),
(5, 1, 'AOL', '', ''),
(5, 2, 'AOL', '', ''),
(6, 1, 'ICQ', '', ''),
(6, 2, 'ICQ', '', ''),
(7, 1, 'YAHOO', '', ''),
(7, 2, 'YAHOO', '', ''),
(8, 1, 'FACEBOOK', '', ''),
(8, 2, 'FACEBOOK', '', ''),
(9, 1, 'TWITTER', '', ''),
(9, 2, 'TWITTER', '', ''),
(10, 1, 'SKYPE', '', ''),
(10, 2, 'SKYPE', '', ''),
(11, 1, 'YOUTUBE', '', ''),
(11, 2, 'YOUTUBE', '', ''),
(12, 2, 'LOCATION', '', ''),
(13, 2, 'WEBSITE', '', ''),
(14, 2, 'INTERESTS', '', ''),
(15, 2, 'OCCUPATION', '', ''),
(16, 2, 'AOL', '', ''),
(17, 2, 'ICQ', '', ''),
(18, 2, 'YAHOO', '', ''),
(19, 2, 'FACEBOOK', '', ''),
(20, 2, 'TWITTER', '', ''),
(21, 2, 'SKYPE', '', ''),
(22, 2, 'YOUTUBE', '', '');

-- --------------------------------------------------------

--
-- Struktur dari tabel `phpbb_ranks`
--

CREATE TABLE `phpbb_ranks` (
  `rank_id` mediumint(8) UNSIGNED NOT NULL,
  `rank_title` varchar(255) COLLATE utf8_bin NOT NULL DEFAULT '',
  `rank_min` mediumint(8) UNSIGNED NOT NULL DEFAULT '0',
  `rank_special` tinyint(1) UNSIGNED NOT NULL DEFAULT '0',
  `rank_image` varchar(255) COLLATE utf8_bin NOT NULL DEFAULT ''
) ENGINE=InnoDB DEFAULT CHARSET=utf8 COLLATE=utf8_bin;

--
-- Dumping data untuk tabel `phpbb_ranks`
--

INSERT INTO `phpbb_ranks` (`rank_id`, `rank_title`, `rank_min`, `rank_special`, `rank_image`) VALUES
(1, 'Site Admin', 0, 1, ''),
(2, 'Site Admin', 0, 1, '');

-- --------------------------------------------------------

--
-- Struktur dari tabel `phpbb_reports`
--

CREATE TABLE `phpbb_reports` (
  `report_id` int(10) UNSIGNED NOT NULL,
  `reason_id` smallint(4) UNSIGNED NOT NULL DEFAULT '0',
  `post_id` int(10) UNSIGNED NOT NULL DEFAULT '0',
  `user_id` int(10) UNSIGNED NOT NULL DEFAULT '0',
  `user_notify` tinyint(1) UNSIGNED NOT NULL DEFAULT '0',
  `report_closed` tinyint(1) UNSIGNED NOT NULL DEFAULT '0',
  `report_time` int(11) UNSIGNED NOT NULL DEFAULT '0',
  `report_text` mediumtext COLLATE utf8_bin NOT NULL,
  `pm_id` int(10) UNSIGNED NOT NULL DEFAULT '0',
  `reported_post_enable_bbcode` tinyint(1) UNSIGNED NOT NULL DEFAULT '1',
  `reported_post_enable_smilies` tinyint(1) UNSIGNED NOT NULL DEFAULT '1',
  `reported_post_enable_magic_url` tinyint(1) UNSIGNED NOT NULL DEFAULT '1',
  `reported_post_text` mediumtext COLLATE utf8_bin NOT NULL,
  `reported_post_uid` varchar(8) COLLATE utf8_bin NOT NULL DEFAULT '',
  `reported_post_bitfield` varchar(255) COLLATE utf8_bin NOT NULL DEFAULT ''
) ENGINE=InnoDB DEFAULT CHARSET=utf8 COLLATE=utf8_bin;

-- --------------------------------------------------------

--
-- Struktur dari tabel `phpbb_reports_reasons`
--

CREATE TABLE `phpbb_reports_reasons` (
  `reason_id` smallint(4) UNSIGNED NOT NULL,
  `reason_title` varchar(255) COLLATE utf8_bin NOT NULL DEFAULT '',
  `reason_description` mediumtext COLLATE utf8_bin NOT NULL,
  `reason_order` smallint(4) UNSIGNED NOT NULL DEFAULT '0'
) ENGINE=InnoDB DEFAULT CHARSET=utf8 COLLATE=utf8_bin;

--
-- Dumping data untuk tabel `phpbb_reports_reasons`
--

INSERT INTO `phpbb_reports_reasons` (`reason_id`, `reason_title`, `reason_description`, `reason_order`) VALUES
(1, 'warez', 'The post contains links to illegal or pirated software.', 1),
(2, 'spam', 'The reported post has the only purpose to advertise for a website or another product.', 2),
(3, 'off_topic', 'The reported post is off topic.', 3),
(4, 'other', 'The reported post does not fit into any other category, please use the further information field.', 4),
(5, 'warez', 'The post contains links to illegal or pirated software.', 1),
(6, 'spam', 'The reported post has the only purpose to advertise for a website or another product.', 2),
(7, 'off_topic', 'The reported post is off topic.', 3),
(8, 'other', 'The reported post does not fit into any other category, please use the further information field.', 4);

-- --------------------------------------------------------

--
-- Struktur dari tabel `phpbb_search_results`
--

CREATE TABLE `phpbb_search_results` (
  `search_key` varchar(32) COLLATE utf8_bin NOT NULL DEFAULT '',
  `search_time` int(11) UNSIGNED NOT NULL DEFAULT '0',
  `search_keywords` mediumtext COLLATE utf8_bin NOT NULL,
  `search_authors` mediumtext COLLATE utf8_bin NOT NULL
) ENGINE=InnoDB DEFAULT CHARSET=utf8 COLLATE=utf8_bin;

--
-- Dumping data untuk tabel `phpbb_search_results`
--

INSERT INTO `phpbb_search_results` (`search_key`, `search_time`, `search_keywords`, `search_authors`) VALUES
('a042194dcf8cdc7440517fbf9f007216', 1600789142, '', ' 2 ');

-- --------------------------------------------------------

--
-- Struktur dari tabel `phpbb_search_wordlist`
--

CREATE TABLE `phpbb_search_wordlist` (
  `word_id` int(10) UNSIGNED NOT NULL,
  `word_text` varchar(255) COLLATE utf8_bin NOT NULL DEFAULT '',
  `word_common` tinyint(1) UNSIGNED NOT NULL DEFAULT '0',
  `word_count` mediumint(8) UNSIGNED NOT NULL DEFAULT '0'
) ENGINE=InnoDB DEFAULT CHARSET=utf8 COLLATE=utf8_bin;

--
-- Dumping data untuk tabel `phpbb_search_wordlist`
--

INSERT INTO `phpbb_search_wordlist` (`word_id`, `word_text`, `word_common`, `word_count`) VALUES
(1, 'aku', 0, 1),
(2, 'tampan', 0, 1),
(3, 'welcome', 0, 1),
(4, 'phpbb3', 0, 1),
(5, 'wuyyy', 0, 1),
(6, 'ayeeee', 0, 3),
(7, 'apa', 0, 1),
(8, 'cuy', 0, 1),
(9, 'tau', 0, 0),
(10, 'dah', 0, 0),
(11, 'coba', 0, 1),
(12, 'yha', 0, 1);

-- --------------------------------------------------------

--
-- Struktur dari tabel `phpbb_search_wordmatch`
--

CREATE TABLE `phpbb_search_wordmatch` (
  `post_id` int(10) UNSIGNED NOT NULL DEFAULT '0',
  `word_id` int(10) UNSIGNED NOT NULL DEFAULT '0',
  `title_match` tinyint(1) UNSIGNED NOT NULL DEFAULT '0'
) ENGINE=InnoDB DEFAULT CHARSET=utf8 COLLATE=utf8_bin;

--
-- Dumping data untuk tabel `phpbb_search_wordmatch`
--

INSERT INTO `phpbb_search_wordmatch` (`post_id`, `word_id`, `title_match`) VALUES
(1, 1, 0),
(1, 2, 0),
(1, 3, 1),
(1, 4, 1),
(2, 5, 0),
(2, 6, 1),
(3, 6, 1),
(4, 6, 1),
(3, 7, 0),
(3, 8, 0),
(4, 11, 0),
(4, 12, 0);

-- --------------------------------------------------------

--
-- Struktur dari tabel `phpbb_sessions`
--

CREATE TABLE `phpbb_sessions` (
  `session_id` char(32) COLLATE utf8_bin NOT NULL DEFAULT '',
  `session_user_id` int(10) UNSIGNED NOT NULL DEFAULT '0',
  `session_last_visit` int(11) UNSIGNED NOT NULL DEFAULT '0',
  `session_start` int(11) UNSIGNED NOT NULL DEFAULT '0',
  `session_time` int(11) UNSIGNED NOT NULL DEFAULT '0',
  `session_ip` varchar(40) COLLATE utf8_bin NOT NULL DEFAULT '',
  `session_browser` varchar(150) COLLATE utf8_bin NOT NULL DEFAULT '',
  `session_forwarded_for` varchar(255) COLLATE utf8_bin NOT NULL DEFAULT '',
  `session_page` varchar(255) COLLATE utf8_bin NOT NULL DEFAULT '',
  `session_viewonline` tinyint(1) UNSIGNED NOT NULL DEFAULT '1',
  `session_autologin` tinyint(1) UNSIGNED NOT NULL DEFAULT '0',
  `session_admin` tinyint(1) UNSIGNED NOT NULL DEFAULT '0',
  `session_forum_id` mediumint(8) UNSIGNED NOT NULL DEFAULT '0'
) ENGINE=InnoDB DEFAULT CHARSET=utf8 COLLATE=utf8_bin;

--
-- Dumping data untuk tabel `phpbb_sessions`
--

INSERT INTO `phpbb_sessions` (`session_id`, `session_user_id`, `session_last_visit`, `session_start`, `session_time`, `session_ip`, `session_browser`, `session_forwarded_for`, `session_page`, `session_viewonline`, `session_autologin`, `session_admin`, `session_forum_id`) VALUES
('0571b3b2ed504139db3652524a38dee7', 1, 1600879542, 1600879542, 1600879542, '::1', 'Mozilla/5.0 (Windows NT 10.0; Win64; x64) AppleWebKit/537.36 (KHTML, like Gecko) Chrome/85.0.4183.102 Safari/537.36', '', 'index.php', 1, 0, 0, 0),
('2686e5dd19abb24d8b7d0945ae7c1e4e', 1, 1600879315, 1600879315, 1600879315, '::1', 'Mozilla/5.0 (Windows NT 10.0; Win64; x64) AppleWebKit/537.36 (KHTML, like Gecko) Chrome/85.0.4183.102 Safari/537.36', '', 'index.php', 1, 0, 0, 0),
('59a7ad21581154a120422fa2e6c7c821', 1, 1600879289, 1600879289, 1600879289, '::1', 'Mozilla/5.0 (Windows NT 10.0; Win64; x64) AppleWebKit/537.36 (KHTML, like Gecko) Chrome/85.0.4183.102 Safari/537.36', '', 'index.php', 1, 0, 0, 0),
('5f0485f7b7e320bef59f035ca9a6e4f5', 1, 1600879393, 1600879393, 1600879393, '::1', 'Mozilla/5.0 (Windows NT 10.0; Win64; x64) AppleWebKit/537.36 (KHTML, like Gecko) Chrome/85.0.4183.102 Safari/537.36', '', 'index.php', 1, 0, 0, 0),
('7701ebb3ed21aab3d99a42d06e3529f7', 1, 1600879149, 1600879149, 1600879149, '::1', 'Mozilla/5.0 (Windows NT 10.0; Win64; x64) AppleWebKit/537.36 (KHTML, like Gecko) Chrome/85.0.4183.102 Safari/537.36', '', 'index.php', 1, 0, 0, 0),
('881aa93eac87d8890d1a62d42aa4a2c7', 1, 1600879204, 1600879204, 1600879204, '::1', 'Mozilla/5.0 (Windows NT 10.0; Win64; x64) AppleWebKit/537.36 (KHTML, like Gecko) Chrome/85.0.4183.102 Safari/537.36', '', 'index.php', 1, 0, 0, 0),
('8b4836f9f7fc361c11d5e510b4ad56d9', 1, 1600879103, 1600879103, 1600879103, '::1', 'Mozilla/5.0 (Windows NT 10.0; Win64; x64) AppleWebKit/537.36 (KHTML, like Gecko) Chrome/85.0.4183.102 Safari/537.36', '', 'index.php', 1, 0, 0, 0),
('e02bef50f68e2dbab531483712e11acf', 2, 1600870602, 1600881271, 1600881295, '::1', 'Mozilla/5.0 (Windows NT 10.0; Win64; x64) AppleWebKit/537.36 (KHTML, like Gecko) Chrome/85.0.4183.102 Safari/537.36', '', 'adm/index.php?i=9', 1, 0, 1, 0),
('ef0e9471a2dd0233f17bfb5ef48c3dee', 2, 1600870602, 1600936563, 1600936569, '::1', 'Mozilla/5.0 (Windows NT 10.0; Win64; x64) AppleWebKit/537.36 (KHTML, like Gecko) Chrome/85.0.4183.121 Safari/537.36', '', 'adm/index.php?i=21', 1, 0, 1, 0),
('fdb929a6ea6c794f6a7a84ea4e74eaad', 1, 1600875649, 1600875649, 1600875649, '::1', 'Mozilla/5.0 (Windows NT 10.0; Win64; x64) AppleWebKit/537.36 (KHTML, like Gecko) Chrome/85.0.4183.102 Safari/537.36', '', 'index.php', 1, 0, 0, 0);

-- --------------------------------------------------------

--
-- Struktur dari tabel `phpbb_sessions_keys`
--

CREATE TABLE `phpbb_sessions_keys` (
  `key_id` char(32) COLLATE utf8_bin NOT NULL DEFAULT '',
  `user_id` int(10) UNSIGNED NOT NULL DEFAULT '0',
  `last_ip` varchar(40) COLLATE utf8_bin NOT NULL DEFAULT '',
  `last_login` int(11) UNSIGNED NOT NULL DEFAULT '0'
) ENGINE=InnoDB DEFAULT CHARSET=utf8 COLLATE=utf8_bin;

-- --------------------------------------------------------

--
-- Struktur dari tabel `phpbb_sitelist`
--

CREATE TABLE `phpbb_sitelist` (
  `site_id` mediumint(8) UNSIGNED NOT NULL,
  `site_ip` varchar(40) COLLATE utf8_bin NOT NULL DEFAULT '',
  `site_hostname` varchar(255) COLLATE utf8_bin NOT NULL DEFAULT '',
  `ip_exclude` tinyint(1) UNSIGNED NOT NULL DEFAULT '0'
) ENGINE=InnoDB DEFAULT CHARSET=utf8 COLLATE=utf8_bin;

-- --------------------------------------------------------

--
-- Struktur dari tabel `phpbb_smilies`
--

CREATE TABLE `phpbb_smilies` (
  `smiley_id` mediumint(8) UNSIGNED NOT NULL,
  `code` varchar(50) COLLATE utf8_bin NOT NULL DEFAULT '',
  `emotion` varchar(255) COLLATE utf8_bin NOT NULL DEFAULT '',
  `smiley_url` varchar(50) COLLATE utf8_bin NOT NULL DEFAULT '',
  `smiley_width` smallint(4) UNSIGNED NOT NULL DEFAULT '0',
  `smiley_height` smallint(4) UNSIGNED NOT NULL DEFAULT '0',
  `smiley_order` mediumint(8) UNSIGNED NOT NULL DEFAULT '0',
  `display_on_posting` tinyint(1) UNSIGNED NOT NULL DEFAULT '1'
) ENGINE=InnoDB DEFAULT CHARSET=utf8 COLLATE=utf8_bin;

--
-- Dumping data untuk tabel `phpbb_smilies`
--

INSERT INTO `phpbb_smilies` (`smiley_id`, `code`, `emotion`, `smiley_url`, `smiley_width`, `smiley_height`, `smiley_order`, `display_on_posting`) VALUES
(1, ':D', 'Very Happy', 'icon_e_biggrin.gif', 15, 17, 1, 1),
(2, ':-D', 'Very Happy', 'icon_e_biggrin.gif', 15, 17, 2, 1),
(3, ':grin:', 'Very Happy', 'icon_e_biggrin.gif', 15, 17, 3, 1),
(4, ':)', 'Smile', 'icon_e_smile.gif', 15, 17, 4, 1),
(5, ':-)', 'Smile', 'icon_e_smile.gif', 15, 17, 5, 1),
(6, ':smile:', 'Smile', 'icon_e_smile.gif', 15, 17, 6, 1),
(7, ';)', 'Wink', 'icon_e_wink.gif', 15, 17, 7, 1),
(8, ';-)', 'Wink', 'icon_e_wink.gif', 15, 17, 8, 1),
(9, ':wink:', 'Wink', 'icon_e_wink.gif', 15, 17, 9, 1),
(10, ':(', 'Sad', 'icon_e_sad.gif', 15, 17, 10, 1),
(11, ':-(', 'Sad', 'icon_e_sad.gif', 15, 17, 11, 1),
(12, ':sad:', 'Sad', 'icon_e_sad.gif', 15, 17, 12, 1),
(13, ':o', 'Surprised', 'icon_e_surprised.gif', 15, 17, 13, 1),
(14, ':-o', 'Surprised', 'icon_e_surprised.gif', 15, 17, 14, 1),
(15, ':eek:', 'Surprised', 'icon_e_surprised.gif', 15, 17, 15, 1),
(16, ':shock:', 'Shocked', 'icon_eek.gif', 15, 17, 16, 1),
(17, ':?', 'Confused', 'icon_e_confused.gif', 15, 17, 17, 1),
(18, ':-?', 'Confused', 'icon_e_confused.gif', 15, 17, 18, 1),
(19, ':???:', 'Confused', 'icon_e_confused.gif', 15, 17, 19, 1),
(20, '8-)', 'Cool', 'icon_cool.gif', 15, 17, 20, 1),
(21, ':cool:', 'Cool', 'icon_cool.gif', 15, 17, 21, 1),
(22, ':lol:', 'Laughing', 'icon_lol.gif', 15, 17, 22, 1),
(23, ':x', 'Mad', 'icon_mad.gif', 15, 17, 23, 1),
(24, ':-x', 'Mad', 'icon_mad.gif', 15, 17, 24, 1),
(25, ':mad:', 'Mad', 'icon_mad.gif', 15, 17, 25, 1),
(26, ':P', 'Razz', 'icon_razz.gif', 15, 17, 26, 1),
(27, ':-P', 'Razz', 'icon_razz.gif', 15, 17, 27, 1),
(28, ':razz:', 'Razz', 'icon_razz.gif', 15, 17, 28, 1),
(29, ':oops:', 'Embarrassed', 'icon_redface.gif', 15, 17, 29, 1),
(30, ':cry:', 'Crying or Very Sad', 'icon_cry.gif', 15, 17, 30, 1),
(31, ':evil:', 'Evil or Very Mad', 'icon_evil.gif', 15, 17, 31, 1),
(32, ':twisted:', 'Twisted Evil', 'icon_twisted.gif', 15, 17, 32, 1),
(33, ':roll:', 'Rolling Eyes', 'icon_rolleyes.gif', 15, 17, 33, 1),
(34, ':!:', 'Exclamation', 'icon_exclaim.gif', 15, 17, 34, 1),
(35, ':?:', 'Question', 'icon_question.gif', 15, 17, 35, 1),
(36, ':idea:', 'Idea', 'icon_idea.gif', 15, 17, 36, 1),
(37, ':arrow:', 'Arrow', 'icon_arrow.gif', 15, 17, 37, 1),
(38, ':|', 'Neutral', 'icon_neutral.gif', 15, 17, 38, 1),
(39, ':-|', 'Neutral', 'icon_neutral.gif', 15, 17, 39, 1),
(40, ':mrgreen:', 'Mr. Green', 'icon_mrgreen.gif', 15, 17, 40, 1),
(41, ':geek:', 'Geek', 'icon_e_geek.gif', 17, 17, 41, 1),
(42, ':ugeek:', 'Uber Geek', 'icon_e_ugeek.gif', 17, 18, 42, 1),
(43, ':D', 'Very Happy', 'icon_e_biggrin.gif', 15, 17, 1, 1),
(44, ':-D', 'Very Happy', 'icon_e_biggrin.gif', 15, 17, 2, 1),
(45, ':grin:', 'Very Happy', 'icon_e_biggrin.gif', 15, 17, 3, 1),
(46, ':)', 'Smile', 'icon_e_smile.gif', 15, 17, 4, 1),
(47, ':-)', 'Smile', 'icon_e_smile.gif', 15, 17, 5, 1),
(48, ':smile:', 'Smile', 'icon_e_smile.gif', 15, 17, 6, 1),
(49, ';)', 'Wink', 'icon_e_wink.gif', 15, 17, 7, 1),
(50, ';-)', 'Wink', 'icon_e_wink.gif', 15, 17, 8, 1),
(51, ':wink:', 'Wink', 'icon_e_wink.gif', 15, 17, 9, 1),
(52, ':(', 'Sad', 'icon_e_sad.gif', 15, 17, 10, 1),
(53, ':-(', 'Sad', 'icon_e_sad.gif', 15, 17, 11, 1),
(54, ':sad:', 'Sad', 'icon_e_sad.gif', 15, 17, 12, 1),
(55, ':o', 'Surprised', 'icon_e_surprised.gif', 15, 17, 13, 1),
(56, ':-o', 'Surprised', 'icon_e_surprised.gif', 15, 17, 14, 1),
(57, ':eek:', 'Surprised', 'icon_e_surprised.gif', 15, 17, 15, 1),
(58, ':shock:', 'Shocked', 'icon_eek.gif', 15, 17, 16, 1),
(59, ':?', 'Confused', 'icon_e_confused.gif', 15, 17, 17, 1),
(60, ':-?', 'Confused', 'icon_e_confused.gif', 15, 17, 18, 1),
(61, ':???:', 'Confused', 'icon_e_confused.gif', 15, 17, 19, 1),
(62, '8-)', 'Cool', 'icon_cool.gif', 15, 17, 20, 1),
(63, ':cool:', 'Cool', 'icon_cool.gif', 15, 17, 21, 1),
(64, ':lol:', 'Laughing', 'icon_lol.gif', 15, 17, 22, 1),
(65, ':x', 'Mad', 'icon_mad.gif', 15, 17, 23, 1),
(66, ':-x', 'Mad', 'icon_mad.gif', 15, 17, 24, 1),
(67, ':mad:', 'Mad', 'icon_mad.gif', 15, 17, 25, 1),
(68, ':P', 'Razz', 'icon_razz.gif', 15, 17, 26, 1),
(69, ':-P', 'Razz', 'icon_razz.gif', 15, 17, 27, 1),
(70, ':razz:', 'Razz', 'icon_razz.gif', 15, 17, 28, 1),
(71, ':oops:', 'Embarrassed', 'icon_redface.gif', 15, 17, 29, 1),
(72, ':cry:', 'Crying or Very Sad', 'icon_cry.gif', 15, 17, 30, 1),
(73, ':evil:', 'Evil or Very Mad', 'icon_evil.gif', 15, 17, 31, 1),
(74, ':twisted:', 'Twisted Evil', 'icon_twisted.gif', 15, 17, 32, 1),
(75, ':roll:', 'Rolling Eyes', 'icon_rolleyes.gif', 15, 17, 33, 1),
(76, ':!:', 'Exclamation', 'icon_exclaim.gif', 15, 17, 34, 1),
(77, ':?:', 'Question', 'icon_question.gif', 15, 17, 35, 1),
(78, ':idea:', 'Idea', 'icon_idea.gif', 15, 17, 36, 1),
(79, ':arrow:', 'Arrow', 'icon_arrow.gif', 15, 17, 37, 1),
(80, ':|', 'Neutral', 'icon_neutral.gif', 15, 17, 38, 1),
(81, ':-|', 'Neutral', 'icon_neutral.gif', 15, 17, 39, 1),
(82, ':mrgreen:', 'Mr. Green', 'icon_mrgreen.gif', 15, 17, 40, 1),
(83, ':geek:', 'Geek', 'icon_e_geek.gif', 17, 17, 41, 1),
(84, ':ugeek:', 'Uber Geek', 'icon_e_ugeek.gif', 17, 18, 42, 1);

-- --------------------------------------------------------

--
-- Struktur dari tabel `phpbb_styles`
--

CREATE TABLE `phpbb_styles` (
  `style_id` mediumint(8) UNSIGNED NOT NULL,
  `style_name` varchar(255) COLLATE utf8_bin NOT NULL DEFAULT '',
  `style_copyright` varchar(255) COLLATE utf8_bin NOT NULL DEFAULT '',
  `style_active` tinyint(1) UNSIGNED NOT NULL DEFAULT '1',
  `style_path` varchar(100) COLLATE utf8_bin NOT NULL DEFAULT '',
  `bbcode_bitfield` varchar(255) COLLATE utf8_bin NOT NULL DEFAULT 'kNg=',
  `style_parent_id` int(4) UNSIGNED NOT NULL DEFAULT '0',
  `style_parent_tree` text COLLATE utf8_bin NOT NULL
) ENGINE=InnoDB DEFAULT CHARSET=utf8 COLLATE=utf8_bin;

--
-- Dumping data untuk tabel `phpbb_styles`
--

INSERT INTO `phpbb_styles` (`style_id`, `style_name`, `style_copyright`, `style_active`, `style_path`, `bbcode_bitfield`, `style_parent_id`, `style_parent_tree`) VALUES
(1, 'prosilver', '&copy; phpBB Limited', 1, 'prosilver', '//g=', 0, '');

-- --------------------------------------------------------

--
-- Struktur dari tabel `phpbb_teampage`
--

CREATE TABLE `phpbb_teampage` (
  `teampage_id` mediumint(8) UNSIGNED NOT NULL,
  `group_id` mediumint(8) UNSIGNED NOT NULL DEFAULT '0',
  `teampage_name` varchar(255) COLLATE utf8_bin NOT NULL DEFAULT '',
  `teampage_position` mediumint(8) UNSIGNED NOT NULL DEFAULT '0',
  `teampage_parent` mediumint(8) UNSIGNED NOT NULL DEFAULT '0'
) ENGINE=InnoDB DEFAULT CHARSET=utf8 COLLATE=utf8_bin;

--
-- Dumping data untuk tabel `phpbb_teampage`
--

INSERT INTO `phpbb_teampage` (`teampage_id`, `group_id`, `teampage_name`, `teampage_position`, `teampage_parent`) VALUES
(1, 5, '', 1, 0),
(2, 4, '', 2, 0),
(3, 5, '', 1, 0),
(4, 4, '', 2, 0);

-- --------------------------------------------------------

--
-- Struktur dari tabel `phpbb_topics`
--

CREATE TABLE `phpbb_topics` (
  `topic_id` int(10) UNSIGNED NOT NULL,
  `forum_id` mediumint(8) UNSIGNED NOT NULL DEFAULT '0',
  `icon_id` mediumint(8) UNSIGNED NOT NULL DEFAULT '0',
  `topic_attachment` tinyint(1) UNSIGNED NOT NULL DEFAULT '0',
  `topic_reported` tinyint(1) UNSIGNED NOT NULL DEFAULT '0',
  `topic_title` varchar(255) CHARACTER SET utf8 COLLATE utf8_unicode_ci NOT NULL DEFAULT '',
  `topic_poster` int(10) UNSIGNED NOT NULL DEFAULT '0',
  `topic_time` int(11) UNSIGNED NOT NULL DEFAULT '0',
  `topic_time_limit` int(11) UNSIGNED NOT NULL DEFAULT '0',
  `topic_views` mediumint(8) UNSIGNED NOT NULL DEFAULT '0',
  `topic_status` tinyint(3) NOT NULL DEFAULT '0',
  `topic_type` tinyint(3) NOT NULL DEFAULT '0',
  `topic_first_post_id` int(10) UNSIGNED NOT NULL DEFAULT '0',
  `topic_first_poster_name` varchar(255) CHARACTER SET utf8 COLLATE utf8_unicode_ci NOT NULL DEFAULT '',
  `topic_first_poster_colour` varchar(6) COLLATE utf8_bin NOT NULL DEFAULT '',
  `topic_last_post_id` int(10) UNSIGNED NOT NULL DEFAULT '0',
  `topic_last_poster_id` int(10) UNSIGNED NOT NULL DEFAULT '0',
  `topic_last_poster_name` varchar(255) COLLATE utf8_bin NOT NULL DEFAULT '',
  `topic_last_poster_colour` varchar(6) COLLATE utf8_bin NOT NULL DEFAULT '',
  `topic_last_post_subject` varchar(255) COLLATE utf8_bin NOT NULL DEFAULT '',
  `topic_last_post_time` int(11) UNSIGNED NOT NULL DEFAULT '0',
  `topic_last_view_time` int(11) UNSIGNED NOT NULL DEFAULT '0',
  `topic_moved_id` int(10) UNSIGNED NOT NULL DEFAULT '0',
  `topic_bumped` tinyint(1) UNSIGNED NOT NULL DEFAULT '0',
  `topic_bumper` mediumint(8) UNSIGNED NOT NULL DEFAULT '0',
  `poll_title` varchar(255) COLLATE utf8_bin NOT NULL DEFAULT '',
  `poll_start` int(11) UNSIGNED NOT NULL DEFAULT '0',
  `poll_length` int(11) UNSIGNED NOT NULL DEFAULT '0',
  `poll_max_options` tinyint(4) NOT NULL DEFAULT '1',
  `poll_last_vote` int(11) UNSIGNED NOT NULL DEFAULT '0',
  `poll_vote_change` tinyint(1) UNSIGNED NOT NULL DEFAULT '0',
  `topic_visibility` tinyint(3) NOT NULL DEFAULT '0',
  `topic_delete_time` int(11) UNSIGNED NOT NULL DEFAULT '0',
  `topic_delete_reason` varchar(255) COLLATE utf8_bin NOT NULL DEFAULT '',
  `topic_delete_user` int(10) UNSIGNED NOT NULL DEFAULT '0',
  `topic_posts_approved` mediumint(8) UNSIGNED NOT NULL DEFAULT '0',
  `topic_posts_unapproved` mediumint(8) UNSIGNED NOT NULL DEFAULT '0',
  `topic_posts_softdeleted` mediumint(8) UNSIGNED NOT NULL DEFAULT '0'
) ENGINE=InnoDB DEFAULT CHARSET=utf8 COLLATE=utf8_bin;

--
-- Dumping data untuk tabel `phpbb_topics`
--

INSERT INTO `phpbb_topics` (`topic_id`, `forum_id`, `icon_id`, `topic_attachment`, `topic_reported`, `topic_title`, `topic_poster`, `topic_time`, `topic_time_limit`, `topic_views`, `topic_status`, `topic_type`, `topic_first_post_id`, `topic_first_poster_name`, `topic_first_poster_colour`, `topic_last_post_id`, `topic_last_poster_id`, `topic_last_poster_name`, `topic_last_poster_colour`, `topic_last_post_subject`, `topic_last_post_time`, `topic_last_view_time`, `topic_moved_id`, `topic_bumped`, `topic_bumper`, `poll_title`, `poll_start`, `poll_length`, `poll_max_options`, `poll_last_vote`, `poll_vote_change`, `topic_visibility`, `topic_delete_time`, `topic_delete_reason`, `topic_delete_user`, `topic_posts_approved`, `topic_posts_unapproved`, `topic_posts_softdeleted`) VALUES
(1, 2, 0, 0, 0, 'Ayeeee', 2, 1600787696, 0, 9, 0, 0, 1, 'pakkem', 'AA0000', 2, 2, 'pakkem', 'AA0000', 'Ayeeee', 1600787696, 1600792704, 0, 0, 0, '', 0, 0, 1, 0, 0, 1, 0, '', 0, 2, 1, 0),
(2, 2, 0, 0, 0, 'Welcome to phpBB3', 2, 1600787696, 0, 0, 0, 0, 1, 'pakkem', 'AA0000', 1, 2, 'pakkem', 'AA0000', 'Welcome to phpBB3', 1600787696, 972086460, 0, 0, 0, '', 0, 0, 1, 0, 0, 1, 0, '', 0, 1, 0, 0);

-- --------------------------------------------------------

--
-- Struktur dari tabel `phpbb_topics_posted`
--

CREATE TABLE `phpbb_topics_posted` (
  `user_id` int(10) UNSIGNED NOT NULL DEFAULT '0',
  `topic_id` int(10) UNSIGNED NOT NULL DEFAULT '0',
  `topic_posted` tinyint(1) UNSIGNED NOT NULL DEFAULT '0'
) ENGINE=InnoDB DEFAULT CHARSET=utf8 COLLATE=utf8_bin;

--
-- Dumping data untuk tabel `phpbb_topics_posted`
--

INSERT INTO `phpbb_topics_posted` (`user_id`, `topic_id`, `topic_posted`) VALUES
(2, 1, 1),
(97, 1, 1);

-- --------------------------------------------------------

--
-- Struktur dari tabel `phpbb_topics_track`
--

CREATE TABLE `phpbb_topics_track` (
  `user_id` int(10) UNSIGNED NOT NULL DEFAULT '0',
  `topic_id` int(10) UNSIGNED NOT NULL DEFAULT '0',
  `forum_id` mediumint(8) UNSIGNED NOT NULL DEFAULT '0',
  `mark_time` int(11) UNSIGNED NOT NULL DEFAULT '0'
) ENGINE=InnoDB DEFAULT CHARSET=utf8 COLLATE=utf8_bin;

--
-- Dumping data untuk tabel `phpbb_topics_track`
--

INSERT INTO `phpbb_topics_track` (`user_id`, `topic_id`, `forum_id`, `mark_time`) VALUES
(2, 1, 2, 1600788883),
(97, 1, 2, 1600789101);

-- --------------------------------------------------------

--
-- Struktur dari tabel `phpbb_topics_watch`
--

CREATE TABLE `phpbb_topics_watch` (
  `topic_id` int(10) UNSIGNED NOT NULL DEFAULT '0',
  `user_id` int(10) UNSIGNED NOT NULL DEFAULT '0',
  `notify_status` tinyint(1) UNSIGNED NOT NULL DEFAULT '0'
) ENGINE=InnoDB DEFAULT CHARSET=utf8 COLLATE=utf8_bin;

-- --------------------------------------------------------

--
-- Struktur dari tabel `phpbb_users`
--

CREATE TABLE `phpbb_users` (
  `user_id` int(10) UNSIGNED NOT NULL,
  `user_type` tinyint(2) NOT NULL DEFAULT '0',
  `group_id` mediumint(8) UNSIGNED NOT NULL DEFAULT '3',
  `user_permissions` mediumtext COLLATE utf8_bin NOT NULL,
  `user_perm_from` mediumint(8) UNSIGNED NOT NULL DEFAULT '0',
  `user_ip` varchar(40) COLLATE utf8_bin NOT NULL DEFAULT '',
  `user_regdate` int(11) UNSIGNED NOT NULL DEFAULT '0',
  `username` varchar(255) COLLATE utf8_bin NOT NULL DEFAULT '',
  `username_clean` varchar(255) COLLATE utf8_bin NOT NULL DEFAULT '',
  `user_password` varchar(255) COLLATE utf8_bin NOT NULL DEFAULT '',
  `user_passchg` int(11) UNSIGNED NOT NULL DEFAULT '0',
  `user_email` varchar(100) COLLATE utf8_bin NOT NULL DEFAULT '',
  `user_birthday` varchar(10) COLLATE utf8_bin NOT NULL DEFAULT '',
  `user_lastvisit` int(11) UNSIGNED NOT NULL DEFAULT '0',
  `user_lastmark` int(11) UNSIGNED NOT NULL DEFAULT '0',
  `user_lastpost_time` int(11) UNSIGNED NOT NULL DEFAULT '0',
  `user_lastpage` varchar(200) COLLATE utf8_bin NOT NULL DEFAULT '',
  `user_last_confirm_key` varchar(10) COLLATE utf8_bin NOT NULL DEFAULT '',
  `user_last_search` int(11) UNSIGNED NOT NULL DEFAULT '0',
  `user_warnings` tinyint(4) NOT NULL DEFAULT '0',
  `user_last_warning` int(11) UNSIGNED NOT NULL DEFAULT '0',
  `user_login_attempts` tinyint(4) NOT NULL DEFAULT '0',
  `user_inactive_reason` tinyint(2) NOT NULL DEFAULT '0',
  `user_inactive_time` int(11) UNSIGNED NOT NULL DEFAULT '0',
  `user_posts` mediumint(8) UNSIGNED NOT NULL DEFAULT '0',
  `user_lang` varchar(30) COLLATE utf8_bin NOT NULL DEFAULT '',
  `user_timezone` varchar(100) COLLATE utf8_bin NOT NULL DEFAULT '',
  `user_dateformat` varchar(64) COLLATE utf8_bin NOT NULL DEFAULT 'd M Y H:i',
  `user_style` mediumint(8) UNSIGNED NOT NULL DEFAULT '0',
  `user_rank` mediumint(8) UNSIGNED NOT NULL DEFAULT '0',
  `user_colour` varchar(6) COLLATE utf8_bin NOT NULL DEFAULT '',
  `user_new_privmsg` int(4) NOT NULL DEFAULT '0',
  `user_unread_privmsg` int(4) NOT NULL DEFAULT '0',
  `user_last_privmsg` int(11) UNSIGNED NOT NULL DEFAULT '0',
  `user_message_rules` tinyint(1) UNSIGNED NOT NULL DEFAULT '0',
  `user_full_folder` int(11) NOT NULL DEFAULT '-3',
  `user_emailtime` int(11) UNSIGNED NOT NULL DEFAULT '0',
  `user_topic_show_days` smallint(4) UNSIGNED NOT NULL DEFAULT '0',
  `user_topic_sortby_type` varchar(1) COLLATE utf8_bin NOT NULL DEFAULT 't',
  `user_topic_sortby_dir` varchar(1) COLLATE utf8_bin NOT NULL DEFAULT 'd',
  `user_post_show_days` smallint(4) UNSIGNED NOT NULL DEFAULT '0',
  `user_post_sortby_type` varchar(1) COLLATE utf8_bin NOT NULL DEFAULT 't',
  `user_post_sortby_dir` varchar(1) COLLATE utf8_bin NOT NULL DEFAULT 'a',
  `user_notify` tinyint(1) UNSIGNED NOT NULL DEFAULT '0',
  `user_notify_pm` tinyint(1) UNSIGNED NOT NULL DEFAULT '1',
  `user_notify_type` tinyint(4) NOT NULL DEFAULT '0',
  `user_allow_pm` tinyint(1) UNSIGNED NOT NULL DEFAULT '1',
  `user_allow_viewonline` tinyint(1) UNSIGNED NOT NULL DEFAULT '1',
  `user_allow_viewemail` tinyint(1) UNSIGNED NOT NULL DEFAULT '1',
  `user_allow_massemail` tinyint(1) UNSIGNED NOT NULL DEFAULT '1',
  `user_options` int(11) UNSIGNED NOT NULL DEFAULT '230271',
  `user_avatar` varchar(255) COLLATE utf8_bin NOT NULL DEFAULT '',
  `user_avatar_type` varchar(255) COLLATE utf8_bin NOT NULL DEFAULT '',
  `user_avatar_width` smallint(4) UNSIGNED NOT NULL DEFAULT '0',
  `user_avatar_height` smallint(4) UNSIGNED NOT NULL DEFAULT '0',
  `user_sig` mediumtext COLLATE utf8_bin NOT NULL,
  `user_sig_bbcode_uid` varchar(8) COLLATE utf8_bin NOT NULL DEFAULT '',
  `user_sig_bbcode_bitfield` varchar(255) COLLATE utf8_bin NOT NULL DEFAULT '',
  `user_jabber` varchar(255) COLLATE utf8_bin NOT NULL DEFAULT '',
  `user_actkey` varchar(32) COLLATE utf8_bin NOT NULL DEFAULT '',
  `reset_token` varchar(64) COLLATE utf8_bin NOT NULL DEFAULT '',
  `reset_token_expiration` int(11) UNSIGNED NOT NULL DEFAULT '0',
  `user_newpasswd` varchar(255) COLLATE utf8_bin NOT NULL DEFAULT '',
  `user_form_salt` varchar(32) COLLATE utf8_bin NOT NULL DEFAULT '',
  `user_new` tinyint(1) UNSIGNED NOT NULL DEFAULT '1',
  `user_reminded` tinyint(4) NOT NULL DEFAULT '0',
  `user_reminded_time` int(11) UNSIGNED NOT NULL DEFAULT '0'
) ENGINE=InnoDB DEFAULT CHARSET=utf8 COLLATE=utf8_bin;

--
-- Dumping data untuk tabel `phpbb_users`
--

INSERT INTO `phpbb_users` (`user_id`, `user_type`, `group_id`, `user_permissions`, `user_perm_from`, `user_ip`, `user_regdate`, `username`, `username_clean`, `user_password`, `user_passchg`, `user_email`, `user_birthday`, `user_lastvisit`, `user_lastmark`, `user_lastpost_time`, `user_lastpage`, `user_last_confirm_key`, `user_last_search`, `user_warnings`, `user_last_warning`, `user_login_attempts`, `user_inactive_reason`, `user_inactive_time`, `user_posts`, `user_lang`, `user_timezone`, `user_dateformat`, `user_style`, `user_rank`, `user_colour`, `user_new_privmsg`, `user_unread_privmsg`, `user_last_privmsg`, `user_message_rules`, `user_full_folder`, `user_emailtime`, `user_topic_show_days`, `user_topic_sortby_type`, `user_topic_sortby_dir`, `user_post_show_days`, `user_post_sortby_type`, `user_post_sortby_dir`, `user_notify`, `user_notify_pm`, `user_notify_type`, `user_allow_pm`, `user_allow_viewonline`, `user_allow_viewemail`, `user_allow_massemail`, `user_options`, `user_avatar`, `user_avatar_type`, `user_avatar_width`, `user_avatar_height`, `user_sig`, `user_sig_bbcode_uid`, `user_sig_bbcode_bitfield`, `user_jabber`, `user_actkey`, `reset_token`, `reset_token_expiration`, `user_newpasswd`, `user_form_salt`, `user_new`, `user_reminded`, `user_reminded_time`) VALUES
(1, 2, 1, '00000000000g13ydmo\nhwby9w000000\nhwby9w000000', 0, '', 1600787696, 'Anonymous', 'anonymous', '', 0, '', '', 0, 0, 0, '', '', 0, 0, 0, 0, 0, 0, 0, 'en', '', 'd M Y H:i', 1, 0, '', 0, 0, 0, 0, -3, 0, 0, 't', 'd', 0, 't', 'a', 0, 1, 0, 1, 1, 1, 0, 230271, '', '', 0, 0, '<t></t>', '', '', '', '', '', 0, '', '0esuynduib8j1054', 1, 0, 0),
(2, 3, 5, 'zik0zjzik0zjzik0zi\nhwby9w000000\nzik0zjzih7uo', 0, '::1', 1600787696, 'pakkem', 'pakkem', '$argon2id$v=19$m=65536,t=4,p=2$YjJ4dk9ZNkk3ejBWUVF1TA$ZCqkJZshiG3wQBxf4QvQ2BmVP/iFB2xePb9AfvTwCLw', 0, 'moh.ramdani22@gmail.com', '', 1600870602, 0, 0, 'adm/index.php?i=21', '0CJIVHESJO', 1600789142, 0, 0, 0, 0, 0, 1, 'en', '', 'D M d, Y g:i a', 1, 1, 'AA0000', 0, 0, 0, 0, -3, 0, 0, 't', 'd', 0, 't', 'a', 0, 1, 0, 1, 1, 1, 1, 230271, '', '', 0, 0, '<t></t>', '', '', '', '', '', 0, '', 'sq4dfqrzfcsz6mph', 1, 0, 0),
(3, 2, 6, '', 0, '', 1600787696, 'AdsBot [Google]', 'adsbot [google]', '', 1600787674, '', '', 0, 1600787674, 0, '', '', 0, 0, 0, 0, 0, 0, 0, 'en', 'UTC', 'D M d, Y g:i a', 1, 0, '9E8DA7', 0, 0, 0, 0, -3, 0, 0, 't', 'd', 0, 't', 'a', 0, 1, 0, 0, 1, 1, 0, 230271, '', '', 0, 0, '<t></t>', '', '', '', '', '', 0, '', 'n58lcfhn1ylrz6qg', 0, 0, 0),
(4, 2, 6, '', 0, '', 1600787696, 'Alexa [Bot]', 'alexa [bot]', '', 1600787674, '', '', 0, 1600787674, 0, '', '', 0, 0, 0, 0, 0, 0, 0, 'en', 'UTC', 'D M d, Y g:i a', 1, 0, '9E8DA7', 0, 0, 0, 0, -3, 0, 0, 't', 'd', 0, 't', 'a', 0, 1, 0, 0, 1, 1, 0, 230271, '', '', 0, 0, '<t></t>', '', '', '', '', '', 0, '', '64n0t1kdlmp3rj1n', 0, 0, 0),
(5, 2, 6, '', 0, '', 1600787696, 'Alta Vista [Bot]', 'alta vista [bot]', '', 1600787674, '', '', 0, 1600787674, 0, '', '', 0, 0, 0, 0, 0, 0, 0, 'en', 'UTC', 'D M d, Y g:i a', 1, 0, '9E8DA7', 0, 0, 0, 0, -3, 0, 0, 't', 'd', 0, 't', 'a', 0, 1, 0, 0, 1, 1, 0, 230271, '', '', 0, 0, '<t></t>', '', '', '', '', '', 0, '', 'ig0zuzavyrcz84od', 0, 0, 0),
(6, 2, 6, '', 0, '', 1600787696, 'Ask Jeeves [Bot]', 'ask jeeves [bot]', '', 1600787674, '', '', 0, 1600787674, 0, '', '', 0, 0, 0, 0, 0, 0, 0, 'en', 'UTC', 'D M d, Y g:i a', 1, 0, '9E8DA7', 0, 0, 0, 0, -3, 0, 0, 't', 'd', 0, 't', 'a', 0, 1, 0, 0, 1, 1, 0, 230271, '', '', 0, 0, '<t></t>', '', '', '', '', '', 0, '', 'k0cx6mm9l26nnwia', 0, 0, 0),
(7, 2, 6, '', 0, '', 1600787696, 'Baidu [Spider]', 'baidu [spider]', '', 1600787674, '', '', 0, 1600787674, 0, '', '', 0, 0, 0, 0, 0, 0, 0, 'en', 'UTC', 'D M d, Y g:i a', 1, 0, '9E8DA7', 0, 0, 0, 0, -3, 0, 0, 't', 'd', 0, 't', 'a', 0, 1, 0, 0, 1, 1, 0, 230271, '', '', 0, 0, '<t></t>', '', '', '', '', '', 0, '', 'vipdqifhz8clnpad', 0, 0, 0),
(8, 2, 6, '', 0, '', 1600787696, 'Bing [Bot]', 'bing [bot]', '', 1600787674, '', '', 0, 1600787674, 0, '', '', 0, 0, 0, 0, 0, 0, 0, 'en', 'UTC', 'D M d, Y g:i a', 1, 0, '9E8DA7', 0, 0, 0, 0, -3, 0, 0, 't', 'd', 0, 't', 'a', 0, 1, 0, 0, 1, 1, 0, 230271, '', '', 0, 0, '<t></t>', '', '', '', '', '', 0, '', 'jd26n0030mdaforq', 0, 0, 0),
(9, 2, 6, '', 0, '', 1600787696, 'DuckDuckGo [Bot]', 'duckduckgo [bot]', '', 1600787674, '', '', 0, 1600787674, 0, '', '', 0, 0, 0, 0, 0, 0, 0, 'en', 'UTC', 'D M d, Y g:i a', 1, 0, '9E8DA7', 0, 0, 0, 0, -3, 0, 0, 't', 'd', 0, 't', 'a', 0, 1, 0, 0, 1, 1, 0, 230271, '', '', 0, 0, '<t></t>', '', '', '', '', '', 0, '', 'qp40qmh95rrqfijm', 0, 0, 0),
(10, 2, 6, '', 0, '', 1600787696, 'Exabot [Bot]', 'exabot [bot]', '', 1600787674, '', '', 0, 1600787674, 0, '', '', 0, 0, 0, 0, 0, 0, 0, 'en', 'UTC', 'D M d, Y g:i a', 1, 0, '9E8DA7', 0, 0, 0, 0, -3, 0, 0, 't', 'd', 0, 't', 'a', 0, 1, 0, 0, 1, 1, 0, 230271, '', '', 0, 0, '<t></t>', '', '', '', '', '', 0, '', '1gq96tylrg9nh76y', 0, 0, 0),
(11, 2, 6, '', 0, '', 1600787696, 'FAST Enterprise [Crawler]', 'fast enterprise [crawler]', '', 1600787674, '', '', 0, 1600787674, 0, '', '', 0, 0, 0, 0, 0, 0, 0, 'en', 'UTC', 'D M d, Y g:i a', 1, 0, '9E8DA7', 0, 0, 0, 0, -3, 0, 0, 't', 'd', 0, 't', 'a', 0, 1, 0, 0, 1, 1, 0, 230271, '', '', 0, 0, '<t></t>', '', '', '', '', '', 0, '', 'p417ju855ta1o31v', 0, 0, 0),
(12, 2, 6, '', 0, '', 1600787696, 'FAST WebCrawler [Crawler]', 'fast webcrawler [crawler]', '', 1600787674, '', '', 0, 1600787674, 0, '', '', 0, 0, 0, 0, 0, 0, 0, 'en', 'UTC', 'D M d, Y g:i a', 1, 0, '9E8DA7', 0, 0, 0, 0, -3, 0, 0, 't', 'd', 0, 't', 'a', 0, 1, 0, 0, 1, 1, 0, 230271, '', '', 0, 0, '<t></t>', '', '', '', '', '', 0, '', 'er2i2qxqs2889j25', 0, 0, 0),
(13, 2, 6, '', 0, '', 1600787696, 'Francis [Bot]', 'francis [bot]', '', 1600787674, '', '', 0, 1600787674, 0, '', '', 0, 0, 0, 0, 0, 0, 0, 'en', 'UTC', 'D M d, Y g:i a', 1, 0, '9E8DA7', 0, 0, 0, 0, -3, 0, 0, 't', 'd', 0, 't', 'a', 0, 1, 0, 0, 1, 1, 0, 230271, '', '', 0, 0, '<t></t>', '', '', '', '', '', 0, '', 'ws7cmviqcqqn2oy7', 0, 0, 0),
(14, 2, 6, '', 0, '', 1600787696, 'Gigabot [Bot]', 'gigabot [bot]', '', 1600787674, '', '', 0, 1600787674, 0, '', '', 0, 0, 0, 0, 0, 0, 0, 'en', 'UTC', 'D M d, Y g:i a', 1, 0, '9E8DA7', 0, 0, 0, 0, -3, 0, 0, 't', 'd', 0, 't', 'a', 0, 1, 0, 0, 1, 1, 0, 230271, '', '', 0, 0, '<t></t>', '', '', '', '', '', 0, '', 'ebtlxp49h90mn849', 0, 0, 0),
(15, 2, 6, '', 0, '', 1600787696, 'Google Adsense [Bot]', 'google adsense [bot]', '', 1600787675, '', '', 0, 1600787675, 0, '', '', 0, 0, 0, 0, 0, 0, 0, 'en', 'UTC', 'D M d, Y g:i a', 1, 0, '9E8DA7', 0, 0, 0, 0, -3, 0, 0, 't', 'd', 0, 't', 'a', 0, 1, 0, 0, 1, 1, 0, 230271, '', '', 0, 0, '<t></t>', '', '', '', '', '', 0, '', 'ag0gwjdvb66ondc1', 0, 0, 0),
(16, 2, 6, '', 0, '', 1600787696, 'Google Desktop', 'google desktop', '', 1600787675, '', '', 0, 1600787675, 0, '', '', 0, 0, 0, 0, 0, 0, 0, 'en', 'UTC', 'D M d, Y g:i a', 1, 0, '9E8DA7', 0, 0, 0, 0, -3, 0, 0, 't', 'd', 0, 't', 'a', 0, 1, 0, 0, 1, 1, 0, 230271, '', '', 0, 0, '<t></t>', '', '', '', '', '', 0, '', 'ledgihy0lkiviwss', 0, 0, 0),
(17, 2, 6, '', 0, '', 1600787696, 'Google Feedfetcher', 'google feedfetcher', '', 1600787675, '', '', 0, 1600787675, 0, '', '', 0, 0, 0, 0, 0, 0, 0, 'en', 'UTC', 'D M d, Y g:i a', 1, 0, '9E8DA7', 0, 0, 0, 0, -3, 0, 0, 't', 'd', 0, 't', 'a', 0, 1, 0, 0, 1, 1, 0, 230271, '', '', 0, 0, '<t></t>', '', '', '', '', '', 0, '', 'p7ajwafytd5zx9j1', 0, 0, 0),
(18, 2, 6, '', 0, '', 1600787696, 'Google [Bot]', 'google [bot]', '', 1600787675, '', '', 0, 1600787675, 0, '', '', 0, 0, 0, 0, 0, 0, 0, 'en', 'UTC', 'D M d, Y g:i a', 1, 0, '9E8DA7', 0, 0, 0, 0, -3, 0, 0, 't', 'd', 0, 't', 'a', 0, 1, 0, 0, 1, 1, 0, 230271, '', '', 0, 0, '<t></t>', '', '', '', '', '', 0, '', 'batj0mxoubcddn9f', 0, 0, 0),
(19, 2, 6, '', 0, '', 1600787696, 'Heise IT-Markt [Crawler]', 'heise it-markt [crawler]', '', 1600787675, '', '', 0, 1600787675, 0, '', '', 0, 0, 0, 0, 0, 0, 0, 'en', 'UTC', 'D M d, Y g:i a', 1, 0, '9E8DA7', 0, 0, 0, 0, -3, 0, 0, 't', 'd', 0, 't', 'a', 0, 1, 0, 0, 1, 1, 0, 230271, '', '', 0, 0, '<t></t>', '', '', '', '', '', 0, '', 'r1omn3n2qu5d1pw3', 0, 0, 0),
(20, 2, 6, '', 0, '', 1600787696, 'Heritrix [Crawler]', 'heritrix [crawler]', '', 1600787675, '', '', 0, 1600787675, 0, '', '', 0, 0, 0, 0, 0, 0, 0, 'en', 'UTC', 'D M d, Y g:i a', 1, 0, '9E8DA7', 0, 0, 0, 0, -3, 0, 0, 't', 'd', 0, 't', 'a', 0, 1, 0, 0, 1, 1, 0, 230271, '', '', 0, 0, '<t></t>', '', '', '', '', '', 0, '', '5kshrakzhfva5cl7', 0, 0, 0),
(21, 2, 6, '', 0, '', 1600787696, 'IBM Research [Bot]', 'ibm research [bot]', '', 1600787675, '', '', 0, 1600787675, 0, '', '', 0, 0, 0, 0, 0, 0, 0, 'en', 'UTC', 'D M d, Y g:i a', 1, 0, '9E8DA7', 0, 0, 0, 0, -3, 0, 0, 't', 'd', 0, 't', 'a', 0, 1, 0, 0, 1, 1, 0, 230271, '', '', 0, 0, '<t></t>', '', '', '', '', '', 0, '', '67qe2strujxlmenb', 0, 0, 0),
(22, 2, 6, '', 0, '', 1600787696, 'ICCrawler - ICjobs', 'iccrawler - icjobs', '', 1600787675, '', '', 0, 1600787675, 0, '', '', 0, 0, 0, 0, 0, 0, 0, 'en', 'UTC', 'D M d, Y g:i a', 1, 0, '9E8DA7', 0, 0, 0, 0, -3, 0, 0, 't', 'd', 0, 't', 'a', 0, 1, 0, 0, 1, 1, 0, 230271, '', '', 0, 0, '<t></t>', '', '', '', '', '', 0, '', 't7vhib4hqzgzb5ad', 0, 0, 0),
(23, 2, 6, '', 0, '', 1600787696, 'ichiro [Crawler]', 'ichiro [crawler]', '', 1600787675, '', '', 0, 1600787675, 0, '', '', 0, 0, 0, 0, 0, 0, 0, 'en', 'UTC', 'D M d, Y g:i a', 1, 0, '9E8DA7', 0, 0, 0, 0, -3, 0, 0, 't', 'd', 0, 't', 'a', 0, 1, 0, 0, 1, 1, 0, 230271, '', '', 0, 0, '<t></t>', '', '', '', '', '', 0, '', 'bsa3ylgg1sb9uave', 0, 0, 0),
(24, 2, 6, '', 0, '', 1600787696, 'Majestic-12 [Bot]', 'majestic-12 [bot]', '', 1600787675, '', '', 0, 1600787675, 0, '', '', 0, 0, 0, 0, 0, 0, 0, 'en', 'UTC', 'D M d, Y g:i a', 1, 0, '9E8DA7', 0, 0, 0, 0, -3, 0, 0, 't', 'd', 0, 't', 'a', 0, 1, 0, 0, 1, 1, 0, 230271, '', '', 0, 0, '<t></t>', '', '', '', '', '', 0, '', 'hduz1gqffwre1mjd', 0, 0, 0),
(25, 2, 6, '', 0, '', 1600787696, 'Metager [Bot]', 'metager [bot]', '', 1600787675, '', '', 0, 1600787675, 0, '', '', 0, 0, 0, 0, 0, 0, 0, 'en', 'UTC', 'D M d, Y g:i a', 1, 0, '9E8DA7', 0, 0, 0, 0, -3, 0, 0, 't', 'd', 0, 't', 'a', 0, 1, 0, 0, 1, 1, 0, 230271, '', '', 0, 0, '<t></t>', '', '', '', '', '', 0, '', 'sal2evexbd5ug5sc', 0, 0, 0),
(26, 2, 6, '', 0, '', 1600787696, 'MSN NewsBlogs', 'msn newsblogs', '', 1600787675, '', '', 0, 1600787675, 0, '', '', 0, 0, 0, 0, 0, 0, 0, 'en', 'UTC', 'D M d, Y g:i a', 1, 0, '9E8DA7', 0, 0, 0, 0, -3, 0, 0, 't', 'd', 0, 't', 'a', 0, 1, 0, 0, 1, 1, 0, 230271, '', '', 0, 0, '<t></t>', '', '', '', '', '', 0, '', 'vdxzd264cix5flyb', 0, 0, 0),
(27, 2, 6, '', 0, '', 1600787696, 'MSN [Bot]', 'msn [bot]', '', 1600787675, '', '', 0, 1600787675, 0, '', '', 0, 0, 0, 0, 0, 0, 0, 'en', 'UTC', 'D M d, Y g:i a', 1, 0, '9E8DA7', 0, 0, 0, 0, -3, 0, 0, 't', 'd', 0, 't', 'a', 0, 1, 0, 0, 1, 1, 0, 230271, '', '', 0, 0, '<t></t>', '', '', '', '', '', 0, '', 'w7d1iwxo4rdgpjk9', 0, 0, 0),
(28, 2, 6, '', 0, '', 1600787696, 'MSNbot Media', 'msnbot media', '', 1600787675, '', '', 0, 1600787675, 0, '', '', 0, 0, 0, 0, 0, 0, 0, 'en', 'UTC', 'D M d, Y g:i a', 1, 0, '9E8DA7', 0, 0, 0, 0, -3, 0, 0, 't', 'd', 0, 't', 'a', 0, 1, 0, 0, 1, 1, 0, 230271, '', '', 0, 0, '<t></t>', '', '', '', '', '', 0, '', 'paop8dohccdzo8ev', 0, 0, 0),
(29, 2, 6, '', 0, '', 1600787696, 'Nutch [Bot]', 'nutch [bot]', '', 1600787675, '', '', 0, 1600787675, 0, '', '', 0, 0, 0, 0, 0, 0, 0, 'en', 'UTC', 'D M d, Y g:i a', 1, 0, '9E8DA7', 0, 0, 0, 0, -3, 0, 0, 't', 'd', 0, 't', 'a', 0, 1, 0, 0, 1, 1, 0, 230271, '', '', 0, 0, '<t></t>', '', '', '', '', '', 0, '', 'y02e4619ks1tzgha', 0, 0, 0),
(30, 2, 6, '', 0, '', 1600787696, 'Online link [Validator]', 'online link [validator]', '', 1600787675, '', '', 0, 1600787675, 0, '', '', 0, 0, 0, 0, 0, 0, 0, 'en', 'UTC', 'D M d, Y g:i a', 1, 0, '9E8DA7', 0, 0, 0, 0, -3, 0, 0, 't', 'd', 0, 't', 'a', 0, 1, 0, 0, 1, 1, 0, 230271, '', '', 0, 0, '<t></t>', '', '', '', '', '', 0, '', '2r0toquuhziwn715', 0, 0, 0),
(31, 2, 6, '', 0, '', 1600787696, 'psbot [Picsearch]', 'psbot [picsearch]', '', 1600787675, '', '', 0, 1600787675, 0, '', '', 0, 0, 0, 0, 0, 0, 0, 'en', 'UTC', 'D M d, Y g:i a', 1, 0, '9E8DA7', 0, 0, 0, 0, -3, 0, 0, 't', 'd', 0, 't', 'a', 0, 1, 0, 0, 1, 1, 0, 230271, '', '', 0, 0, '<t></t>', '', '', '', '', '', 0, '', 'njt33hejrgihc48d', 0, 0, 0),
(32, 2, 6, '', 0, '', 1600787696, 'Sensis [Crawler]', 'sensis [crawler]', '', 1600787675, '', '', 0, 1600787675, 0, '', '', 0, 0, 0, 0, 0, 0, 0, 'en', 'UTC', 'D M d, Y g:i a', 1, 0, '9E8DA7', 0, 0, 0, 0, -3, 0, 0, 't', 'd', 0, 't', 'a', 0, 1, 0, 0, 1, 1, 0, 230271, '', '', 0, 0, '<t></t>', '', '', '', '', '', 0, '', '7hppo60wsimvgm3b', 0, 0, 0),
(33, 2, 6, '', 0, '', 1600787696, 'SEO Crawler', 'seo crawler', '', 1600787675, '', '', 0, 1600787675, 0, '', '', 0, 0, 0, 0, 0, 0, 0, 'en', 'UTC', 'D M d, Y g:i a', 1, 0, '9E8DA7', 0, 0, 0, 0, -3, 0, 0, 't', 'd', 0, 't', 'a', 0, 1, 0, 0, 1, 1, 0, 230271, '', '', 0, 0, '<t></t>', '', '', '', '', '', 0, '', 'ssimyn78lt3ibt2r', 0, 0, 0),
(34, 2, 6, '', 0, '', 1600787696, 'Seoma [Crawler]', 'seoma [crawler]', '', 1600787675, '', '', 0, 1600787675, 0, '', '', 0, 0, 0, 0, 0, 0, 0, 'en', 'UTC', 'D M d, Y g:i a', 1, 0, '9E8DA7', 0, 0, 0, 0, -3, 0, 0, 't', 'd', 0, 't', 'a', 0, 1, 0, 0, 1, 1, 0, 230271, '', '', 0, 0, '<t></t>', '', '', '', '', '', 0, '', '9ei5nrha9sehhxzs', 0, 0, 0),
(35, 2, 6, '', 0, '', 1600787696, 'SEOSearch [Crawler]', 'seosearch [crawler]', '', 1600787675, '', '', 0, 1600787675, 0, '', '', 0, 0, 0, 0, 0, 0, 0, 'en', 'UTC', 'D M d, Y g:i a', 1, 0, '9E8DA7', 0, 0, 0, 0, -3, 0, 0, 't', 'd', 0, 't', 'a', 0, 1, 0, 0, 1, 1, 0, 230271, '', '', 0, 0, '<t></t>', '', '', '', '', '', 0, '', '26vgho8p6trzlpei', 0, 0, 0),
(36, 2, 6, '', 0, '', 1600787696, 'Snappy [Bot]', 'snappy [bot]', '', 1600787675, '', '', 0, 1600787675, 0, '', '', 0, 0, 0, 0, 0, 0, 0, 'en', 'UTC', 'D M d, Y g:i a', 1, 0, '9E8DA7', 0, 0, 0, 0, -3, 0, 0, 't', 'd', 0, 't', 'a', 0, 1, 0, 0, 1, 1, 0, 230271, '', '', 0, 0, '<t></t>', '', '', '', '', '', 0, '', '54i0ohcvr52t52iw', 0, 0, 0),
(37, 2, 6, '', 0, '', 1600787696, 'Steeler [Crawler]', 'steeler [crawler]', '', 1600787675, '', '', 0, 1600787675, 0, '', '', 0, 0, 0, 0, 0, 0, 0, 'en', 'UTC', 'D M d, Y g:i a', 1, 0, '9E8DA7', 0, 0, 0, 0, -3, 0, 0, 't', 'd', 0, 't', 'a', 0, 1, 0, 0, 1, 1, 0, 230271, '', '', 0, 0, '<t></t>', '', '', '', '', '', 0, '', 'gd9i4nt1qxifu2b9', 0, 0, 0),
(38, 2, 6, '', 0, '', 1600787696, 'Telekom [Bot]', 'telekom [bot]', '', 1600787675, '', '', 0, 1600787675, 0, '', '', 0, 0, 0, 0, 0, 0, 0, 'en', 'UTC', 'D M d, Y g:i a', 1, 0, '9E8DA7', 0, 0, 0, 0, -3, 0, 0, 't', 'd', 0, 't', 'a', 0, 1, 0, 0, 1, 1, 0, 230271, '', '', 0, 0, '<t></t>', '', '', '', '', '', 0, '', 'xk4kck852bbhklf0', 0, 0, 0),
(39, 2, 6, '', 0, '', 1600787696, 'TurnitinBot [Bot]', 'turnitinbot [bot]', '', 1600787675, '', '', 0, 1600787675, 0, '', '', 0, 0, 0, 0, 0, 0, 0, 'en', 'UTC', 'D M d, Y g:i a', 1, 0, '9E8DA7', 0, 0, 0, 0, -3, 0, 0, 't', 'd', 0, 't', 'a', 0, 1, 0, 0, 1, 1, 0, 230271, '', '', 0, 0, '<t></t>', '', '', '', '', '', 0, '', 'g6d05rtytm7wzisk', 0, 0, 0),
(40, 2, 6, '', 0, '', 1600787696, 'Voyager [Bot]', 'voyager [bot]', '', 1600787675, '', '', 0, 1600787675, 0, '', '', 0, 0, 0, 0, 0, 0, 0, 'en', 'UTC', 'D M d, Y g:i a', 1, 0, '9E8DA7', 0, 0, 0, 0, -3, 0, 0, 't', 'd', 0, 't', 'a', 0, 1, 0, 0, 1, 1, 0, 230271, '', '', 0, 0, '<t></t>', '', '', '', '', '', 0, '', '9ydekfznvjdw6u7a', 0, 0, 0),
(41, 2, 6, '', 0, '', 1600787696, 'W3 [Sitesearch]', 'w3 [sitesearch]', '', 1600787675, '', '', 0, 1600787675, 0, '', '', 0, 0, 0, 0, 0, 0, 0, 'en', 'UTC', 'D M d, Y g:i a', 1, 0, '9E8DA7', 0, 0, 0, 0, -3, 0, 0, 't', 'd', 0, 't', 'a', 0, 1, 0, 0, 1, 1, 0, 230271, '', '', 0, 0, '<t></t>', '', '', '', '', '', 0, '', '2pjqte5e7eosoj3n', 0, 0, 0),
(42, 2, 6, '', 0, '', 1600787696, 'W3C [Linkcheck]', 'w3c [linkcheck]', '', 1600787675, '', '', 0, 1600787675, 0, '', '', 0, 0, 0, 0, 0, 0, 0, 'en', 'UTC', 'D M d, Y g:i a', 1, 0, '9E8DA7', 0, 0, 0, 0, -3, 0, 0, 't', 'd', 0, 't', 'a', 0, 1, 0, 0, 1, 1, 0, 230271, '', '', 0, 0, '<t></t>', '', '', '', '', '', 0, '', 'hryplk4vbbmclw7t', 0, 0, 0),
(43, 2, 6, '', 0, '', 1600787696, 'W3C [Validator]', 'w3c [validator]', '', 1600787675, '', '', 0, 1600787675, 0, '', '', 0, 0, 0, 0, 0, 0, 0, 'en', 'UTC', 'D M d, Y g:i a', 1, 0, '9E8DA7', 0, 0, 0, 0, -3, 0, 0, 't', 'd', 0, 't', 'a', 0, 1, 0, 0, 1, 1, 0, 230271, '', '', 0, 0, '<t></t>', '', '', '', '', '', 0, '', 'en66x0pvgvl1wqot', 0, 0, 0),
(44, 2, 6, '', 0, '', 1600787696, 'YaCy [Bot]', 'yacy [bot]', '', 1600787675, '', '', 0, 1600787675, 0, '', '', 0, 0, 0, 0, 0, 0, 0, 'en', 'UTC', 'D M d, Y g:i a', 1, 0, '9E8DA7', 0, 0, 0, 0, -3, 0, 0, 't', 'd', 0, 't', 'a', 0, 1, 0, 0, 1, 1, 0, 230271, '', '', 0, 0, '<t></t>', '', '', '', '', '', 0, '', '2wq9x6nza6ge8ahq', 0, 0, 0),
(45, 2, 6, '', 0, '', 1600787696, 'Yahoo MMCrawler [Bot]', 'yahoo mmcrawler [bot]', '', 1600787675, '', '', 0, 1600787675, 0, '', '', 0, 0, 0, 0, 0, 0, 0, 'en', 'UTC', 'D M d, Y g:i a', 1, 0, '9E8DA7', 0, 0, 0, 0, -3, 0, 0, 't', 'd', 0, 't', 'a', 0, 1, 0, 0, 1, 1, 0, 230271, '', '', 0, 0, '<t></t>', '', '', '', '', '', 0, '', '6ew1dss1o8ztihmo', 0, 0, 0),
(46, 2, 6, '', 0, '', 1600787696, 'Yahoo Slurp [Bot]', 'yahoo slurp [bot]', '', 1600787675, '', '', 0, 1600787675, 0, '', '', 0, 0, 0, 0, 0, 0, 0, 'en', 'UTC', 'D M d, Y g:i a', 1, 0, '9E8DA7', 0, 0, 0, 0, -3, 0, 0, 't', 'd', 0, 't', 'a', 0, 1, 0, 0, 1, 1, 0, 230271, '', '', 0, 0, '<t></t>', '', '', '', '', '', 0, '', 'kh7owogmfi450rr8', 0, 0, 0),
(47, 2, 6, '', 0, '', 1600787696, 'Yahoo [Bot]', 'yahoo [bot]', '', 1600787675, '', '', 0, 1600787675, 0, '', '', 0, 0, 0, 0, 0, 0, 0, 'en', 'UTC', 'D M d, Y g:i a', 1, 0, '9E8DA7', 0, 0, 0, 0, -3, 0, 0, 't', 'd', 0, 't', 'a', 0, 1, 0, 0, 1, 1, 0, 230271, '', '', 0, 0, '<t></t>', '', '', '', '', '', 0, '', 'l4k0a24xpqdsq3zo', 0, 0, 0),
(48, 2, 6, '', 0, '', 1600787696, 'YahooSeeker [Bot]', 'yahooseeker [bot]', '', 1600787675, '', '', 0, 1600787675, 0, '', '', 0, 0, 0, 0, 0, 0, 0, 'en', 'UTC', 'D M d, Y g:i a', 1, 0, '9E8DA7', 0, 0, 0, 0, -3, 0, 0, 't', 'd', 0, 't', 'a', 0, 1, 0, 0, 1, 1, 0, 230271, '', '', 0, 0, '<t></t>', '', '', '', '', '', 0, '', 'wku3580mirnphuny', 0, 0, 0),
(50, 3, 5, '', 0, '', 1600787696, 'Admin', 'admin', '21232f297a57a5a743894a0e4a801fc3', 0, 'admin@yourdomain.com', '', 0, 0, 0, '', '', 0, 0, 0, 2, 0, 0, 1, 'en', '', 'd M Y H:i', 1, 1, 'AA0000', 0, 0, 0, 0, -3, 0, 0, 't', 'd', 0, 't', 'a', 0, 1, 0, 1, 1, 1, 1, 230271, '', '', 0, 0, '<t></t>', '', '', '', '', '', 0, '', '', 1, 0, 0),
(97, 0, 2, '00000000000v6ez2zu\nhwby9w000000\nm6awadqmx0qo', 0, '::1', 1600788143, 'ramdani', 'ramdani', '$argon2id$v=19$m=65536,t=4,p=2$N04yQTBBRmhGSC4zdlZYLw$/RBZc0TSlkzZ2usKfRATd2IO0AywAEcNx6ctO3Xhl7s', 1600788143, 'infokeun@gmail.com', '', 1600800796, 1600789041, 1600788907, 'search.php', '', 0, 0, 0, 0, 0, 0, 0, 'en', 'Antarctica/Davis', 'D M d, Y g:i a', 1, 0, '', 0, 0, 0, 0, -3, 0, 0, 't', 'd', 0, 't', 'a', 0, 1, 0, 1, 1, 1, 1, 230271, '', '', 0, 0, '', '', '', '', '', '', 0, '', 'ifdzp7m8re13fi71', 1, 0, 0);

-- --------------------------------------------------------

--
-- Struktur dari tabel `phpbb_user_group`
--

CREATE TABLE `phpbb_user_group` (
  `group_id` mediumint(8) UNSIGNED NOT NULL DEFAULT '0',
  `user_id` int(10) UNSIGNED NOT NULL DEFAULT '0',
  `group_leader` tinyint(1) UNSIGNED NOT NULL DEFAULT '0',
  `user_pending` tinyint(1) UNSIGNED NOT NULL DEFAULT '1'
) ENGINE=InnoDB DEFAULT CHARSET=utf8 COLLATE=utf8_bin;

--
-- Dumping data untuk tabel `phpbb_user_group`
--

INSERT INTO `phpbb_user_group` (`group_id`, `user_id`, `group_leader`, `user_pending`) VALUES
(1, 1, 0, 0),
(2, 2, 0, 0),
(4, 2, 0, 0),
(5, 2, 1, 0),
(6, 3, 0, 0),
(6, 4, 0, 0),
(6, 5, 0, 0),
(6, 6, 0, 0),
(6, 7, 0, 0),
(6, 8, 0, 0),
(6, 9, 0, 0),
(6, 10, 0, 0),
(6, 11, 0, 0),
(6, 12, 0, 0),
(6, 13, 0, 0),
(6, 14, 0, 0),
(6, 15, 0, 0),
(6, 16, 0, 0),
(6, 17, 0, 0),
(6, 18, 0, 0),
(6, 19, 0, 0),
(6, 20, 0, 0),
(6, 21, 0, 0),
(6, 22, 0, 0),
(6, 23, 0, 0),
(6, 24, 0, 0),
(6, 25, 0, 0),
(6, 26, 0, 0),
(6, 27, 0, 0),
(6, 28, 0, 0),
(6, 29, 0, 0),
(6, 30, 0, 0),
(6, 31, 0, 0),
(6, 32, 0, 0),
(6, 33, 0, 0),
(6, 34, 0, 0),
(6, 35, 0, 0),
(6, 36, 0, 0),
(6, 37, 0, 0),
(6, 38, 0, 0),
(6, 39, 0, 0),
(6, 40, 0, 0),
(6, 41, 0, 0),
(6, 42, 0, 0),
(6, 43, 0, 0),
(6, 44, 0, 0),
(6, 45, 0, 0),
(6, 46, 0, 0),
(6, 47, 0, 0),
(6, 48, 0, 0),
(1, 1, 0, 0),
(2, 2, 0, 0),
(4, 2, 0, 0),
(5, 2, 1, 0),
(6, 0, 0, 0),
(6, 0, 0, 0),
(6, 0, 0, 0),
(6, 0, 0, 0),
(6, 0, 0, 0),
(6, 0, 0, 0),
(6, 0, 0, 0),
(6, 0, 0, 0),
(6, 0, 0, 0),
(6, 0, 0, 0),
(6, 0, 0, 0),
(6, 0, 0, 0),
(6, 0, 0, 0),
(6, 0, 0, 0),
(6, 0, 0, 0),
(6, 0, 0, 0),
(6, 0, 0, 0),
(6, 0, 0, 0),
(6, 0, 0, 0),
(6, 0, 0, 0),
(6, 0, 0, 0),
(6, 0, 0, 0),
(6, 0, 0, 0),
(6, 0, 0, 0),
(6, 0, 0, 0),
(6, 0, 0, 0),
(6, 0, 0, 0),
(6, 0, 0, 0),
(6, 0, 0, 0),
(6, 0, 0, 0),
(6, 0, 0, 0),
(6, 0, 0, 0),
(6, 0, 0, 0),
(6, 0, 0, 0),
(6, 0, 0, 0),
(6, 0, 0, 0),
(6, 0, 0, 0),
(6, 0, 0, 0),
(6, 0, 0, 0),
(6, 0, 0, 0),
(6, 0, 0, 0),
(6, 0, 0, 0),
(6, 0, 0, 0),
(6, 0, 0, 0),
(6, 0, 0, 0),
(6, 0, 0, 0),
(2, 97, 0, 0),
(7, 97, 0, 0);

-- --------------------------------------------------------

--
-- Struktur dari tabel `phpbb_user_notifications`
--

CREATE TABLE `phpbb_user_notifications` (
  `item_type` varchar(165) COLLATE utf8_bin NOT NULL DEFAULT '',
  `item_id` int(10) UNSIGNED NOT NULL DEFAULT '0',
  `user_id` int(10) UNSIGNED NOT NULL DEFAULT '0',
  `method` varchar(165) COLLATE utf8_bin NOT NULL DEFAULT '',
  `notify` tinyint(1) UNSIGNED NOT NULL DEFAULT '1'
) ENGINE=InnoDB DEFAULT CHARSET=utf8 COLLATE=utf8_bin;

--
-- Dumping data untuk tabel `phpbb_user_notifications`
--

INSERT INTO `phpbb_user_notifications` (`item_type`, `item_id`, `user_id`, `method`, `notify`) VALUES
('notification.type.post', 0, 0, 'notification.method.email', 1),
('notification.type.post', 0, 2, 'notification.method.board', 1),
('notification.type.post', 0, 2, 'notification.method.email', 1),
('notification.type.post', 0, 3, 'notification.method.email', 1),
('notification.type.post', 0, 4, 'notification.method.email', 1),
('notification.type.post', 0, 5, 'notification.method.email', 1),
('notification.type.post', 0, 6, 'notification.method.email', 1),
('notification.type.post', 0, 7, 'notification.method.email', 1),
('notification.type.post', 0, 8, 'notification.method.email', 1),
('notification.type.post', 0, 9, 'notification.method.email', 1),
('notification.type.post', 0, 10, 'notification.method.email', 1),
('notification.type.post', 0, 11, 'notification.method.email', 1),
('notification.type.post', 0, 12, 'notification.method.email', 1),
('notification.type.post', 0, 13, 'notification.method.email', 1),
('notification.type.post', 0, 14, 'notification.method.email', 1),
('notification.type.post', 0, 15, 'notification.method.email', 1),
('notification.type.post', 0, 16, 'notification.method.email', 1),
('notification.type.post', 0, 17, 'notification.method.email', 1),
('notification.type.post', 0, 18, 'notification.method.email', 1),
('notification.type.post', 0, 19, 'notification.method.email', 1),
('notification.type.post', 0, 20, 'notification.method.email', 1),
('notification.type.post', 0, 21, 'notification.method.email', 1),
('notification.type.post', 0, 22, 'notification.method.email', 1),
('notification.type.post', 0, 23, 'notification.method.email', 1),
('notification.type.post', 0, 24, 'notification.method.email', 1),
('notification.type.post', 0, 25, 'notification.method.email', 1),
('notification.type.post', 0, 26, 'notification.method.email', 1),
('notification.type.post', 0, 27, 'notification.method.email', 1),
('notification.type.post', 0, 28, 'notification.method.email', 1),
('notification.type.post', 0, 29, 'notification.method.email', 1),
('notification.type.post', 0, 30, 'notification.method.email', 1),
('notification.type.post', 0, 31, 'notification.method.email', 1),
('notification.type.post', 0, 32, 'notification.method.email', 1),
('notification.type.post', 0, 33, 'notification.method.email', 1),
('notification.type.post', 0, 34, 'notification.method.email', 1),
('notification.type.post', 0, 35, 'notification.method.email', 1),
('notification.type.post', 0, 36, 'notification.method.email', 1),
('notification.type.post', 0, 37, 'notification.method.email', 1),
('notification.type.post', 0, 38, 'notification.method.email', 1),
('notification.type.post', 0, 39, 'notification.method.email', 1),
('notification.type.post', 0, 40, 'notification.method.email', 1),
('notification.type.post', 0, 41, 'notification.method.email', 1),
('notification.type.post', 0, 42, 'notification.method.email', 1),
('notification.type.post', 0, 43, 'notification.method.email', 1),
('notification.type.post', 0, 44, 'notification.method.email', 1),
('notification.type.post', 0, 45, 'notification.method.email', 1),
('notification.type.post', 0, 46, 'notification.method.email', 1),
('notification.type.post', 0, 47, 'notification.method.email', 1),
('notification.type.post', 0, 48, 'notification.method.email', 1),
('notification.type.post', 0, 97, 'notification.method.email', 1),
('notification.type.topic', 0, 0, 'notification.method.email', 1),
('notification.type.topic', 0, 2, 'notification.method.board', 1),
('notification.type.topic', 0, 2, 'notification.method.email', 1),
('notification.type.topic', 0, 3, 'notification.method.email', 1),
('notification.type.topic', 0, 4, 'notification.method.email', 1),
('notification.type.topic', 0, 5, 'notification.method.email', 1),
('notification.type.topic', 0, 6, 'notification.method.email', 1),
('notification.type.topic', 0, 7, 'notification.method.email', 1),
('notification.type.topic', 0, 8, 'notification.method.email', 1),
('notification.type.topic', 0, 9, 'notification.method.email', 1),
('notification.type.topic', 0, 10, 'notification.method.email', 1),
('notification.type.topic', 0, 11, 'notification.method.email', 1),
('notification.type.topic', 0, 12, 'notification.method.email', 1),
('notification.type.topic', 0, 13, 'notification.method.email', 1),
('notification.type.topic', 0, 14, 'notification.method.email', 1),
('notification.type.topic', 0, 15, 'notification.method.email', 1),
('notification.type.topic', 0, 16, 'notification.method.email', 1),
('notification.type.topic', 0, 17, 'notification.method.email', 1),
('notification.type.topic', 0, 18, 'notification.method.email', 1),
('notification.type.topic', 0, 19, 'notification.method.email', 1),
('notification.type.topic', 0, 20, 'notification.method.email', 1),
('notification.type.topic', 0, 21, 'notification.method.email', 1),
('notification.type.topic', 0, 22, 'notification.method.email', 1),
('notification.type.topic', 0, 23, 'notification.method.email', 1),
('notification.type.topic', 0, 24, 'notification.method.email', 1),
('notification.type.topic', 0, 25, 'notification.method.email', 1),
('notification.type.topic', 0, 26, 'notification.method.email', 1),
('notification.type.topic', 0, 27, 'notification.method.email', 1),
('notification.type.topic', 0, 28, 'notification.method.email', 1),
('notification.type.topic', 0, 29, 'notification.method.email', 1),
('notification.type.topic', 0, 30, 'notification.method.email', 1),
('notification.type.topic', 0, 31, 'notification.method.email', 1),
('notification.type.topic', 0, 32, 'notification.method.email', 1),
('notification.type.topic', 0, 33, 'notification.method.email', 1),
('notification.type.topic', 0, 34, 'notification.method.email', 1),
('notification.type.topic', 0, 35, 'notification.method.email', 1),
('notification.type.topic', 0, 36, 'notification.method.email', 1),
('notification.type.topic', 0, 37, 'notification.method.email', 1),
('notification.type.topic', 0, 38, 'notification.method.email', 1),
('notification.type.topic', 0, 39, 'notification.method.email', 1),
('notification.type.topic', 0, 40, 'notification.method.email', 1),
('notification.type.topic', 0, 41, 'notification.method.email', 1),
('notification.type.topic', 0, 42, 'notification.method.email', 1),
('notification.type.topic', 0, 43, 'notification.method.email', 1),
('notification.type.topic', 0, 44, 'notification.method.email', 1),
('notification.type.topic', 0, 45, 'notification.method.email', 1),
('notification.type.topic', 0, 46, 'notification.method.email', 1),
('notification.type.topic', 0, 47, 'notification.method.email', 1),
('notification.type.topic', 0, 48, 'notification.method.email', 1),
('notification.type.topic', 0, 97, 'notification.method.email', 1);

-- --------------------------------------------------------

--
-- Struktur dari tabel `phpbb_warnings`
--

CREATE TABLE `phpbb_warnings` (
  `warning_id` mediumint(8) UNSIGNED NOT NULL,
  `user_id` int(10) UNSIGNED NOT NULL DEFAULT '0',
  `post_id` int(10) UNSIGNED NOT NULL DEFAULT '0',
  `log_id` int(10) UNSIGNED NOT NULL DEFAULT '0',
  `warning_time` int(11) UNSIGNED NOT NULL DEFAULT '0'
) ENGINE=InnoDB DEFAULT CHARSET=utf8 COLLATE=utf8_bin;

-- --------------------------------------------------------

--
-- Struktur dari tabel `phpbb_words`
--

CREATE TABLE `phpbb_words` (
  `word_id` int(10) UNSIGNED NOT NULL,
  `word` varchar(255) COLLATE utf8_bin NOT NULL DEFAULT '',
  `replacement` varchar(255) COLLATE utf8_bin NOT NULL DEFAULT ''
) ENGINE=InnoDB DEFAULT CHARSET=utf8 COLLATE=utf8_bin;

-- --------------------------------------------------------

--
-- Struktur dari tabel `phpbb_zebra`
--

CREATE TABLE `phpbb_zebra` (
  `user_id` int(10) UNSIGNED NOT NULL DEFAULT '0',
  `zebra_id` int(10) UNSIGNED NOT NULL DEFAULT '0',
  `friend` tinyint(1) UNSIGNED NOT NULL DEFAULT '0',
  `foe` tinyint(1) UNSIGNED NOT NULL DEFAULT '0'
) ENGINE=InnoDB DEFAULT CHARSET=utf8 COLLATE=utf8_bin;

--
-- Indexes for dumped tables
--

--
-- Indeks untuk tabel `phpbb_acl_groups`
--
ALTER TABLE `phpbb_acl_groups`
  ADD KEY `group_id` (`group_id`),
  ADD KEY `auth_opt_id` (`auth_option_id`),
  ADD KEY `auth_role_id` (`auth_role_id`);

--
-- Indeks untuk tabel `phpbb_acl_options`
--
ALTER TABLE `phpbb_acl_options`
  ADD PRIMARY KEY (`auth_option_id`),
  ADD UNIQUE KEY `auth_option` (`auth_option`);

--
-- Indeks untuk tabel `phpbb_acl_roles`
--
ALTER TABLE `phpbb_acl_roles`
  ADD PRIMARY KEY (`role_id`),
  ADD KEY `role_type` (`role_type`),
  ADD KEY `role_order` (`role_order`);

--
-- Indeks untuk tabel `phpbb_acl_roles_data`
--
ALTER TABLE `phpbb_acl_roles_data`
  ADD PRIMARY KEY (`role_id`,`auth_option_id`),
  ADD KEY `ath_op_id` (`auth_option_id`);

--
-- Indeks untuk tabel `phpbb_acl_users`
--
ALTER TABLE `phpbb_acl_users`
  ADD KEY `user_id` (`user_id`),
  ADD KEY `auth_option_id` (`auth_option_id`),
  ADD KEY `auth_role_id` (`auth_role_id`);

--
-- Indeks untuk tabel `phpbb_attachments`
--
ALTER TABLE `phpbb_attachments`
  ADD PRIMARY KEY (`attach_id`),
  ADD KEY `filetime` (`filetime`),
  ADD KEY `post_msg_id` (`post_msg_id`),
  ADD KEY `topic_id` (`topic_id`),
  ADD KEY `poster_id` (`poster_id`),
  ADD KEY `is_orphan` (`is_orphan`);

--
-- Indeks untuk tabel `phpbb_banlist`
--
ALTER TABLE `phpbb_banlist`
  ADD PRIMARY KEY (`ban_id`),
  ADD KEY `ban_end` (`ban_end`),
  ADD KEY `ban_user` (`ban_userid`,`ban_exclude`),
  ADD KEY `ban_email` (`ban_email`,`ban_exclude`),
  ADD KEY `ban_ip` (`ban_ip`,`ban_exclude`);

--
-- Indeks untuk tabel `phpbb_bbcodes`
--
ALTER TABLE `phpbb_bbcodes`
  ADD PRIMARY KEY (`bbcode_id`),
  ADD KEY `display_on_post` (`display_on_posting`);

--
-- Indeks untuk tabel `phpbb_bookmarks`
--
ALTER TABLE `phpbb_bookmarks`
  ADD PRIMARY KEY (`topic_id`,`user_id`);

--
-- Indeks untuk tabel `phpbb_bots`
--
ALTER TABLE `phpbb_bots`
  ADD PRIMARY KEY (`bot_id`),
  ADD KEY `bot_active` (`bot_active`);

--
-- Indeks untuk tabel `phpbb_config`
--
ALTER TABLE `phpbb_config`
  ADD PRIMARY KEY (`config_name`),
  ADD KEY `is_dynamic` (`is_dynamic`);

--
-- Indeks untuk tabel `phpbb_config_text`
--
ALTER TABLE `phpbb_config_text`
  ADD PRIMARY KEY (`config_name`);

--
-- Indeks untuk tabel `phpbb_confirm`
--
ALTER TABLE `phpbb_confirm`
  ADD PRIMARY KEY (`session_id`,`confirm_id`),
  ADD KEY `confirm_type` (`confirm_type`);

--
-- Indeks untuk tabel `phpbb_disallow`
--
ALTER TABLE `phpbb_disallow`
  ADD PRIMARY KEY (`disallow_id`);

--
-- Indeks untuk tabel `phpbb_drafts`
--
ALTER TABLE `phpbb_drafts`
  ADD PRIMARY KEY (`draft_id`),
  ADD KEY `save_time` (`save_time`);

--
-- Indeks untuk tabel `phpbb_ext`
--
ALTER TABLE `phpbb_ext`
  ADD UNIQUE KEY `ext_name` (`ext_name`);

--
-- Indeks untuk tabel `phpbb_extensions`
--
ALTER TABLE `phpbb_extensions`
  ADD PRIMARY KEY (`extension_id`);

--
-- Indeks untuk tabel `phpbb_extension_groups`
--
ALTER TABLE `phpbb_extension_groups`
  ADD PRIMARY KEY (`group_id`);

--
-- Indeks untuk tabel `phpbb_forums`
--
ALTER TABLE `phpbb_forums`
  ADD PRIMARY KEY (`forum_id`),
  ADD KEY `left_right_id` (`left_id`,`right_id`),
  ADD KEY `forum_lastpost_id` (`forum_last_post_id`);

--
-- Indeks untuk tabel `phpbb_forums_access`
--
ALTER TABLE `phpbb_forums_access`
  ADD PRIMARY KEY (`forum_id`,`user_id`,`session_id`);

--
-- Indeks untuk tabel `phpbb_forums_track`
--
ALTER TABLE `phpbb_forums_track`
  ADD PRIMARY KEY (`user_id`,`forum_id`);

--
-- Indeks untuk tabel `phpbb_forums_watch`
--
ALTER TABLE `phpbb_forums_watch`
  ADD KEY `forum_id` (`forum_id`),
  ADD KEY `user_id` (`user_id`),
  ADD KEY `notify_stat` (`notify_status`);

--
-- Indeks untuk tabel `phpbb_groups`
--
ALTER TABLE `phpbb_groups`
  ADD PRIMARY KEY (`group_id`),
  ADD KEY `group_legend_name` (`group_legend`,`group_name`);

--
-- Indeks untuk tabel `phpbb_icons`
--
ALTER TABLE `phpbb_icons`
  ADD PRIMARY KEY (`icons_id`),
  ADD KEY `display_on_posting` (`display_on_posting`);

--
-- Indeks untuk tabel `phpbb_lang`
--
ALTER TABLE `phpbb_lang`
  ADD PRIMARY KEY (`lang_id`),
  ADD KEY `lang_iso` (`lang_iso`);

--
-- Indeks untuk tabel `phpbb_log`
--
ALTER TABLE `phpbb_log`
  ADD PRIMARY KEY (`log_id`),
  ADD KEY `log_type` (`log_type`),
  ADD KEY `forum_id` (`forum_id`),
  ADD KEY `topic_id` (`topic_id`),
  ADD KEY `reportee_id` (`reportee_id`),
  ADD KEY `user_id` (`user_id`),
  ADD KEY `log_time` (`log_time`);

--
-- Indeks untuk tabel `phpbb_login_attempts`
--
ALTER TABLE `phpbb_login_attempts`
  ADD KEY `att_ip` (`attempt_ip`,`attempt_time`),
  ADD KEY `att_for` (`attempt_forwarded_for`,`attempt_time`),
  ADD KEY `att_time` (`attempt_time`),
  ADD KEY `user_id` (`user_id`);

--
-- Indeks untuk tabel `phpbb_migrations`
--
ALTER TABLE `phpbb_migrations`
  ADD PRIMARY KEY (`migration_name`);

--
-- Indeks untuk tabel `phpbb_moderator_cache`
--
ALTER TABLE `phpbb_moderator_cache`
  ADD KEY `disp_idx` (`display_on_index`),
  ADD KEY `forum_id` (`forum_id`);

--
-- Indeks untuk tabel `phpbb_modules`
--
ALTER TABLE `phpbb_modules`
  ADD PRIMARY KEY (`module_id`),
  ADD KEY `left_right_id` (`left_id`,`right_id`),
  ADD KEY `module_enabled` (`module_enabled`),
  ADD KEY `class_left_id` (`module_class`,`left_id`);

--
-- Indeks untuk tabel `phpbb_notifications`
--
ALTER TABLE `phpbb_notifications`
  ADD PRIMARY KEY (`notification_id`),
  ADD KEY `item_ident` (`notification_type_id`,`item_id`),
  ADD KEY `user` (`user_id`,`notification_read`);

--
-- Indeks untuk tabel `phpbb_notification_emails`
--
ALTER TABLE `phpbb_notification_emails`
  ADD PRIMARY KEY (`notification_type_id`,`item_id`,`item_parent_id`,`user_id`);

--
-- Indeks untuk tabel `phpbb_notification_types`
--
ALTER TABLE `phpbb_notification_types`
  ADD PRIMARY KEY (`notification_type_id`),
  ADD UNIQUE KEY `type` (`notification_type_name`);

--
-- Indeks untuk tabel `phpbb_oauth_accounts`
--
ALTER TABLE `phpbb_oauth_accounts`
  ADD PRIMARY KEY (`user_id`,`provider`);

--
-- Indeks untuk tabel `phpbb_oauth_states`
--
ALTER TABLE `phpbb_oauth_states`
  ADD KEY `user_id` (`user_id`),
  ADD KEY `provider` (`provider`);

--
-- Indeks untuk tabel `phpbb_oauth_tokens`
--
ALTER TABLE `phpbb_oauth_tokens`
  ADD KEY `user_id` (`user_id`),
  ADD KEY `provider` (`provider`);

--
-- Indeks untuk tabel `phpbb_poll_options`
--
ALTER TABLE `phpbb_poll_options`
  ADD KEY `poll_opt_id` (`poll_option_id`),
  ADD KEY `topic_id` (`topic_id`);

--
-- Indeks untuk tabel `phpbb_poll_votes`
--
ALTER TABLE `phpbb_poll_votes`
  ADD KEY `topic_id` (`topic_id`),
  ADD KEY `vote_user_id` (`vote_user_id`),
  ADD KEY `vote_user_ip` (`vote_user_ip`);

--
-- Indeks untuk tabel `phpbb_posts`
--
ALTER TABLE `phpbb_posts`
  ADD PRIMARY KEY (`post_id`),
  ADD KEY `forum_id` (`forum_id`),
  ADD KEY `topic_id` (`topic_id`),
  ADD KEY `poster_ip` (`poster_ip`),
  ADD KEY `poster_id` (`poster_id`),
  ADD KEY `tid_post_time` (`topic_id`,`post_time`),
  ADD KEY `post_username` (`post_username`),
  ADD KEY `post_visibility` (`post_visibility`);

--
-- Indeks untuk tabel `phpbb_privmsgs`
--
ALTER TABLE `phpbb_privmsgs`
  ADD PRIMARY KEY (`msg_id`),
  ADD KEY `author_ip` (`author_ip`),
  ADD KEY `message_time` (`message_time`),
  ADD KEY `author_id` (`author_id`),
  ADD KEY `root_level` (`root_level`);

--
-- Indeks untuk tabel `phpbb_privmsgs_folder`
--
ALTER TABLE `phpbb_privmsgs_folder`
  ADD PRIMARY KEY (`folder_id`),
  ADD KEY `user_id` (`user_id`);

--
-- Indeks untuk tabel `phpbb_privmsgs_rules`
--
ALTER TABLE `phpbb_privmsgs_rules`
  ADD PRIMARY KEY (`rule_id`),
  ADD KEY `user_id` (`user_id`);

--
-- Indeks untuk tabel `phpbb_privmsgs_to`
--
ALTER TABLE `phpbb_privmsgs_to`
  ADD KEY `msg_id` (`msg_id`),
  ADD KEY `author_id` (`author_id`),
  ADD KEY `usr_flder_id` (`user_id`,`folder_id`);

--
-- Indeks untuk tabel `phpbb_profile_fields`
--
ALTER TABLE `phpbb_profile_fields`
  ADD PRIMARY KEY (`field_id`),
  ADD KEY `fld_type` (`field_type`),
  ADD KEY `fld_ordr` (`field_order`);

--
-- Indeks untuk tabel `phpbb_profile_fields_data`
--
ALTER TABLE `phpbb_profile_fields_data`
  ADD PRIMARY KEY (`user_id`);

--
-- Indeks untuk tabel `phpbb_profile_fields_lang`
--
ALTER TABLE `phpbb_profile_fields_lang`
  ADD PRIMARY KEY (`field_id`,`lang_id`,`option_id`);

--
-- Indeks untuk tabel `phpbb_profile_lang`
--
ALTER TABLE `phpbb_profile_lang`
  ADD PRIMARY KEY (`field_id`,`lang_id`);

--
-- Indeks untuk tabel `phpbb_ranks`
--
ALTER TABLE `phpbb_ranks`
  ADD PRIMARY KEY (`rank_id`);

--
-- Indeks untuk tabel `phpbb_reports`
--
ALTER TABLE `phpbb_reports`
  ADD PRIMARY KEY (`report_id`),
  ADD KEY `post_id` (`post_id`),
  ADD KEY `pm_id` (`pm_id`);

--
-- Indeks untuk tabel `phpbb_reports_reasons`
--
ALTER TABLE `phpbb_reports_reasons`
  ADD PRIMARY KEY (`reason_id`);

--
-- Indeks untuk tabel `phpbb_search_results`
--
ALTER TABLE `phpbb_search_results`
  ADD PRIMARY KEY (`search_key`);

--
-- Indeks untuk tabel `phpbb_search_wordlist`
--
ALTER TABLE `phpbb_search_wordlist`
  ADD PRIMARY KEY (`word_id`),
  ADD UNIQUE KEY `wrd_txt` (`word_text`),
  ADD KEY `wrd_cnt` (`word_count`);

--
-- Indeks untuk tabel `phpbb_search_wordmatch`
--
ALTER TABLE `phpbb_search_wordmatch`
  ADD UNIQUE KEY `un_mtch` (`word_id`,`post_id`,`title_match`),
  ADD KEY `word_id` (`word_id`),
  ADD KEY `post_id` (`post_id`);

--
-- Indeks untuk tabel `phpbb_sessions`
--
ALTER TABLE `phpbb_sessions`
  ADD PRIMARY KEY (`session_id`),
  ADD KEY `session_time` (`session_time`),
  ADD KEY `session_user_id` (`session_user_id`),
  ADD KEY `session_fid` (`session_forum_id`);

--
-- Indeks untuk tabel `phpbb_sessions_keys`
--
ALTER TABLE `phpbb_sessions_keys`
  ADD PRIMARY KEY (`key_id`,`user_id`),
  ADD KEY `last_login` (`last_login`);

--
-- Indeks untuk tabel `phpbb_sitelist`
--
ALTER TABLE `phpbb_sitelist`
  ADD PRIMARY KEY (`site_id`);

--
-- Indeks untuk tabel `phpbb_smilies`
--
ALTER TABLE `phpbb_smilies`
  ADD PRIMARY KEY (`smiley_id`),
  ADD KEY `display_on_post` (`display_on_posting`);

--
-- Indeks untuk tabel `phpbb_styles`
--
ALTER TABLE `phpbb_styles`
  ADD PRIMARY KEY (`style_id`),
  ADD UNIQUE KEY `style_name` (`style_name`);

--
-- Indeks untuk tabel `phpbb_teampage`
--
ALTER TABLE `phpbb_teampage`
  ADD PRIMARY KEY (`teampage_id`);

--
-- Indeks untuk tabel `phpbb_topics`
--
ALTER TABLE `phpbb_topics`
  ADD PRIMARY KEY (`topic_id`),
  ADD KEY `forum_id` (`forum_id`),
  ADD KEY `forum_id_type` (`forum_id`,`topic_type`),
  ADD KEY `last_post_time` (`topic_last_post_time`),
  ADD KEY `fid_time_moved` (`forum_id`,`topic_last_post_time`,`topic_moved_id`),
  ADD KEY `topic_visibility` (`topic_visibility`),
  ADD KEY `forum_vis_last` (`forum_id`,`topic_visibility`,`topic_last_post_id`),
  ADD KEY `latest_topics` (`forum_id`,`topic_last_post_time`,`topic_last_post_id`,`topic_moved_id`);

--
-- Indeks untuk tabel `phpbb_topics_posted`
--
ALTER TABLE `phpbb_topics_posted`
  ADD PRIMARY KEY (`user_id`,`topic_id`);

--
-- Indeks untuk tabel `phpbb_topics_track`
--
ALTER TABLE `phpbb_topics_track`
  ADD PRIMARY KEY (`user_id`,`topic_id`),
  ADD KEY `forum_id` (`forum_id`),
  ADD KEY `topic_id` (`topic_id`);

--
-- Indeks untuk tabel `phpbb_topics_watch`
--
ALTER TABLE `phpbb_topics_watch`
  ADD KEY `topic_id` (`topic_id`),
  ADD KEY `user_id` (`user_id`),
  ADD KEY `notify_stat` (`notify_status`);

--
-- Indeks untuk tabel `phpbb_users`
--
ALTER TABLE `phpbb_users`
  ADD PRIMARY KEY (`user_id`),
  ADD UNIQUE KEY `username_clean` (`username_clean`),
  ADD KEY `user_birthday` (`user_birthday`),
  ADD KEY `user_type` (`user_type`),
  ADD KEY `user_email` (`user_email`);

--
-- Indeks untuk tabel `phpbb_user_group`
--
ALTER TABLE `phpbb_user_group`
  ADD KEY `group_id` (`group_id`),
  ADD KEY `user_id` (`user_id`),
  ADD KEY `group_leader` (`group_leader`);

--
-- Indeks untuk tabel `phpbb_user_notifications`
--
ALTER TABLE `phpbb_user_notifications`
  ADD UNIQUE KEY `itm_usr_mthd` (`item_type`,`item_id`,`user_id`,`method`),
  ADD KEY `user_id` (`user_id`),
  ADD KEY `uid_itm_id` (`user_id`,`item_id`),
  ADD KEY `usr_itm_tpe` (`user_id`,`item_type`,`item_id`);

--
-- Indeks untuk tabel `phpbb_warnings`
--
ALTER TABLE `phpbb_warnings`
  ADD PRIMARY KEY (`warning_id`);

--
-- Indeks untuk tabel `phpbb_words`
--
ALTER TABLE `phpbb_words`
  ADD PRIMARY KEY (`word_id`);

--
-- Indeks untuk tabel `phpbb_zebra`
--
ALTER TABLE `phpbb_zebra`
  ADD PRIMARY KEY (`user_id`,`zebra_id`);

--
-- AUTO_INCREMENT untuk tabel yang dibuang
--

--
-- AUTO_INCREMENT untuk tabel `phpbb_acl_options`
--
ALTER TABLE `phpbb_acl_options`
  MODIFY `auth_option_id` mediumint(8) UNSIGNED NOT NULL AUTO_INCREMENT, AUTO_INCREMENT=126;

--
-- AUTO_INCREMENT untuk tabel `phpbb_acl_roles`
--
ALTER TABLE `phpbb_acl_roles`
  MODIFY `role_id` mediumint(8) UNSIGNED NOT NULL AUTO_INCREMENT, AUTO_INCREMENT=49;

--
-- AUTO_INCREMENT untuk tabel `phpbb_attachments`
--
ALTER TABLE `phpbb_attachments`
  MODIFY `attach_id` int(10) UNSIGNED NOT NULL AUTO_INCREMENT;

--
-- AUTO_INCREMENT untuk tabel `phpbb_banlist`
--
ALTER TABLE `phpbb_banlist`
  MODIFY `ban_id` int(10) UNSIGNED NOT NULL AUTO_INCREMENT;

--
-- AUTO_INCREMENT untuk tabel `phpbb_bots`
--
ALTER TABLE `phpbb_bots`
  MODIFY `bot_id` int(10) UNSIGNED NOT NULL AUTO_INCREMENT, AUTO_INCREMENT=47;

--
-- AUTO_INCREMENT untuk tabel `phpbb_disallow`
--
ALTER TABLE `phpbb_disallow`
  MODIFY `disallow_id` mediumint(8) UNSIGNED NOT NULL AUTO_INCREMENT;

--
-- AUTO_INCREMENT untuk tabel `phpbb_drafts`
--
ALTER TABLE `phpbb_drafts`
  MODIFY `draft_id` int(10) UNSIGNED NOT NULL AUTO_INCREMENT;

--
-- AUTO_INCREMENT untuk tabel `phpbb_extensions`
--
ALTER TABLE `phpbb_extensions`
  MODIFY `extension_id` mediumint(8) UNSIGNED NOT NULL AUTO_INCREMENT, AUTO_INCREMENT=109;

--
-- AUTO_INCREMENT untuk tabel `phpbb_extension_groups`
--
ALTER TABLE `phpbb_extension_groups`
  MODIFY `group_id` mediumint(8) UNSIGNED NOT NULL AUTO_INCREMENT, AUTO_INCREMENT=11;

--
-- AUTO_INCREMENT untuk tabel `phpbb_forums`
--
ALTER TABLE `phpbb_forums`
  MODIFY `forum_id` mediumint(8) UNSIGNED NOT NULL AUTO_INCREMENT, AUTO_INCREMENT=5;

--
-- AUTO_INCREMENT untuk tabel `phpbb_groups`
--
ALTER TABLE `phpbb_groups`
  MODIFY `group_id` mediumint(8) UNSIGNED NOT NULL AUTO_INCREMENT, AUTO_INCREMENT=15;

--
-- AUTO_INCREMENT untuk tabel `phpbb_icons`
--
ALTER TABLE `phpbb_icons`
  MODIFY `icons_id` mediumint(8) UNSIGNED NOT NULL AUTO_INCREMENT, AUTO_INCREMENT=21;

--
-- AUTO_INCREMENT untuk tabel `phpbb_lang`
--
ALTER TABLE `phpbb_lang`
  MODIFY `lang_id` tinyint(4) NOT NULL AUTO_INCREMENT, AUTO_INCREMENT=3;

--
-- AUTO_INCREMENT untuk tabel `phpbb_log`
--
ALTER TABLE `phpbb_log`
  MODIFY `log_id` int(10) UNSIGNED NOT NULL AUTO_INCREMENT, AUTO_INCREMENT=10;

--
-- AUTO_INCREMENT untuk tabel `phpbb_modules`
--
ALTER TABLE `phpbb_modules`
  MODIFY `module_id` mediumint(8) UNSIGNED NOT NULL AUTO_INCREMENT, AUTO_INCREMENT=77;

--
-- AUTO_INCREMENT untuk tabel `phpbb_notifications`
--
ALTER TABLE `phpbb_notifications`
  MODIFY `notification_id` int(10) UNSIGNED NOT NULL AUTO_INCREMENT, AUTO_INCREMENT=3;

--
-- AUTO_INCREMENT untuk tabel `phpbb_notification_types`
--
ALTER TABLE `phpbb_notification_types`
  MODIFY `notification_type_id` smallint(4) UNSIGNED NOT NULL AUTO_INCREMENT, AUTO_INCREMENT=8;

--
-- AUTO_INCREMENT untuk tabel `phpbb_posts`
--
ALTER TABLE `phpbb_posts`
  MODIFY `post_id` int(10) UNSIGNED NOT NULL AUTO_INCREMENT, AUTO_INCREMENT=5;

--
-- AUTO_INCREMENT untuk tabel `phpbb_privmsgs`
--
ALTER TABLE `phpbb_privmsgs`
  MODIFY `msg_id` int(10) UNSIGNED NOT NULL AUTO_INCREMENT;

--
-- AUTO_INCREMENT untuk tabel `phpbb_privmsgs_folder`
--
ALTER TABLE `phpbb_privmsgs_folder`
  MODIFY `folder_id` mediumint(8) UNSIGNED NOT NULL AUTO_INCREMENT;

--
-- AUTO_INCREMENT untuk tabel `phpbb_privmsgs_rules`
--
ALTER TABLE `phpbb_privmsgs_rules`
  MODIFY `rule_id` mediumint(8) UNSIGNED NOT NULL AUTO_INCREMENT;

--
-- AUTO_INCREMENT untuk tabel `phpbb_profile_fields`
--
ALTER TABLE `phpbb_profile_fields`
  MODIFY `field_id` mediumint(8) UNSIGNED NOT NULL AUTO_INCREMENT, AUTO_INCREMENT=23;

--
-- AUTO_INCREMENT untuk tabel `phpbb_ranks`
--
ALTER TABLE `phpbb_ranks`
  MODIFY `rank_id` mediumint(8) UNSIGNED NOT NULL AUTO_INCREMENT, AUTO_INCREMENT=3;

--
-- AUTO_INCREMENT untuk tabel `phpbb_reports`
--
ALTER TABLE `phpbb_reports`
  MODIFY `report_id` int(10) UNSIGNED NOT NULL AUTO_INCREMENT;

--
-- AUTO_INCREMENT untuk tabel `phpbb_reports_reasons`
--
ALTER TABLE `phpbb_reports_reasons`
  MODIFY `reason_id` smallint(4) UNSIGNED NOT NULL AUTO_INCREMENT, AUTO_INCREMENT=9;

--
-- AUTO_INCREMENT untuk tabel `phpbb_search_wordlist`
--
ALTER TABLE `phpbb_search_wordlist`
  MODIFY `word_id` int(10) UNSIGNED NOT NULL AUTO_INCREMENT, AUTO_INCREMENT=13;

--
-- AUTO_INCREMENT untuk tabel `phpbb_sitelist`
--
ALTER TABLE `phpbb_sitelist`
  MODIFY `site_id` mediumint(8) UNSIGNED NOT NULL AUTO_INCREMENT;

--
-- AUTO_INCREMENT untuk tabel `phpbb_smilies`
--
ALTER TABLE `phpbb_smilies`
  MODIFY `smiley_id` mediumint(8) UNSIGNED NOT NULL AUTO_INCREMENT, AUTO_INCREMENT=85;

--
-- AUTO_INCREMENT untuk tabel `phpbb_styles`
--
ALTER TABLE `phpbb_styles`
  MODIFY `style_id` mediumint(8) UNSIGNED NOT NULL AUTO_INCREMENT, AUTO_INCREMENT=2;

--
-- AUTO_INCREMENT untuk tabel `phpbb_teampage`
--
ALTER TABLE `phpbb_teampage`
  MODIFY `teampage_id` mediumint(8) UNSIGNED NOT NULL AUTO_INCREMENT, AUTO_INCREMENT=5;

--
-- AUTO_INCREMENT untuk tabel `phpbb_topics`
--
ALTER TABLE `phpbb_topics`
  MODIFY `topic_id` int(10) UNSIGNED NOT NULL AUTO_INCREMENT, AUTO_INCREMENT=3;

--
-- AUTO_INCREMENT untuk tabel `phpbb_users`
--
ALTER TABLE `phpbb_users`
  MODIFY `user_id` int(10) UNSIGNED NOT NULL AUTO_INCREMENT, AUTO_INCREMENT=98;

--
-- AUTO_INCREMENT untuk tabel `phpbb_warnings`
--
ALTER TABLE `phpbb_warnings`
  MODIFY `warning_id` mediumint(8) UNSIGNED NOT NULL AUTO_INCREMENT;

--
-- AUTO_INCREMENT untuk tabel `phpbb_words`
--
ALTER TABLE `phpbb_words`
  MODIFY `word_id` int(10) UNSIGNED NOT NULL AUTO_INCREMENT;
COMMIT;

/*!40101 SET CHARACTER_SET_CLIENT=@OLD_CHARACTER_SET_CLIENT */;
/*!40101 SET CHARACTER_SET_RESULTS=@OLD_CHARACTER_SET_RESULTS */;
/*!40101 SET COLLATION_CONNECTION=@OLD_COLLATION_CONNECTION */;
